name,rating,comments,author/translator,pub
小王子,9.0,213575,[法] 圣埃克苏佩里   马振聘,人民文学出版社   2003-8   22.00元
王尔德童话,9.1,11126,[英] 王尔德   王林,译林出版社   2003-6   6.00元
夜莺与玫瑰,8.5,6184,[英] 王尔德 著、查尔斯·罗宾逊 绘   林徽因,辽宁教育出版社   2011-9   34.00元
猜猜我有多爱你,9.3,8947,[英] 山姆·麦克布雷尼 文、安妮塔·婕朗 图   梅子涵,少年儿童出版社   2005-4   29.80元
夏洛的网,8.5,20269,[美] E.B.怀特   任溶溶,上海译文出版社   2004-5   17.00元
当世界年纪还小的时候,8.6,5861,[德] 于尔克·舒比格 著、[德] 罗特劳特·苏珊娜·贝尔纳 图   廖云海,四川少年儿童出版社   2006-10   28.00元
蓝熊船长的13条半命:一只海熊的半生回忆录,9.4,1731,[德] 瓦尔特·莫尔斯   李士勋,人民文学出版社   2002-1   39.80元
天蓝色的彼岸:关于生命和死亡最深刻的寓言,8.5,10837,（英）希尔   张雪松,新世界出版社   2003-12   19.80元
爱德华的奇妙之旅,8.7,4163,[美] 凯特·迪卡米洛、[美]马格拉姆·伊巴图林 绘   王昕若,新蕾出版社   2007   15.00元
安徒生童话故事集,9.1,34592,（丹麦）安徒生   叶君健,人民文学出版社   1997-08   25.00
牧羊少年奇幻之旅,8.6,46483,[巴西]保罗·柯艾略   丁文林,南海出版公司   2009-3-1   25.00元
失物之书,8.5,10904,[爱尔兰] 约翰·康诺利   安之,人民文学出版社   2009-4   29.90
格林童话全集,8.9,27997,格林兄弟   魏以新,人民文学出版社   1994-11   21.45元
银河铁道之夜:宫泽贤治童话,8.6,1845,(日)宫泽贤治   周龙梅,青岛出版社   2006   19.80
彼得·潘,8.8,9376,[英] 詹姆斯·巴里、孙国双 图   艾柯,哈尔滨出版社   2003-7   13.80元
安吉拉·卡特的精怪故事集,8.0,7265,[英] 安吉拉·卡特   郑冉然,南京大学出版社   2011-9   48.00元
狐狸与星,8.9,21,[英]科拉莉•比克福德-史密斯 著   庆山 译,未来出版社   2016-12-1   118.00元
狐狸的窗户,9.5,1982,(日)安房直子 文、(日)织茂恭子 绘   崔维燕,二十一世纪出版社   2009-8   21.80元
长腿叔叔:中英文对照本,8.5,7391,[美] 简·韦伯斯特   艾柯,华文出版社   2002-1   19.80元
柳林风声,8.9,634,[英] 肯尼斯·格雷厄姆 著、[澳] 罗伯特·英潘 绘   任溶溶,中国城市出版社   2012-7   98.00元
梦想家彼得,8.3,2435,[英] 伊恩·麦克尤恩   孙仲旭,南京大学出版社   2009-5   20.00
风与树的歌,9.3,2334,安房直子   彭懿,少年儿童出版社   2004-03-01   17.00元
圣诞男孩,8.9,76,[英] 马特·海格（Matt Haig）著、[英] 克里斯·穆德（Chris Mould）绘   马爱农,浙江文艺出版社   2016-12   42.80元
我亲爱的甜橙树,9.1,2860,(巴西)若泽•毛罗•德瓦斯康塞洛斯   蔚玲,天天出版社   2010年6月   19.90元
长袜子皮皮,9.0,5325,[瑞典] 阿斯特丽德·林格伦   李之义,中国少年儿童出版社   1999-3   17.80元
永远讲不完的故事,9.0,597,[德] 米切尔·恩德   李士勋,二十一世纪出版社   2004-8   25.00元
岛王,8.5,20,[英] 麦克·莫波格   林满秋,光明日报出版社   2016-11   29.80元
兔子什么都知道:叫一声我的名字好吗？,8.2,1616,夏正正、Q歪歪,吉林出版集团有限责任公司   2011-9-1   36.80元
爷爷变成了幽灵:海豚绘本花园系列,9.3,7936,[丹麦]金·弗珀兹·艾克松 文、[瑞典]爱娃·艾瑞克松 图   彭懿,湖北美术出版社   2007   23.00元
关于来洛尼亚王国的十三个童话故事,8.4,1922,[波兰] 莱·柯拉柯夫斯基   杨德友,生活·读书·新知三联书店   2007-1   16.00元
一千零一夜,8.6,15809,纳训,人民文学出版社   2003-01   22.0
兔子共和国,8.2,349,[英] 理查德·亚当斯   徐兴,华东师范大学出版社   2013-5-1   32.00元
小兔彼得和他的朋友们（全3册）:彼得兔绘本全集,9.0,1200,【英】毕翠克丝•波特   曹剑,安徽教育出版社   2009年10月   84.00元
世界上所有童话都是写给大人看的,7.1,3467,陈谌,天津人民出版社   2014-8-1   32.00元
卡尔维诺文集（第一卷上下）:意大利童话,8.4,1860,[意大利] 卡尔维诺   文铮、马箭飞、魏怡、李帆,译林出版社   2001-9   48.80元
随风而来的玛丽阿姨,9.2,1513,（英）帕·林·特拉芙斯   任溶溶,明天出版社   2005   11.50元
青鸟,8.2,5091,[比] 莫里斯·梅特林克 著、乔治特·莱勃伦克 改编   肖俊风,哈尔滨出版社   2003-7   13.80元
活了100万次的猫,8.9,9439,佐野洋子   唐亚明,接力出版社   2004-10   28.00元
岩崎千弘绘本经典系列（全三册）,8.8,82,[日] 神泽利子 等 著、[日] 岩崎千弘 绘   彭懿,九州出版社   2015-4   55.00元
宫泽贤治杰作选,8.7,92,宫泽贤治,中国社会   2007-4-1   18.50元
阿狸·梦之城堡,9.0,23144,hans,上海锦绣文章出版社   2009-1   36.80元
天啊，这本书没有名字！,9.5,31,[法] 埃尔维•杜莱   青豆童书馆  赵佼佼,重庆出版集团   2016-7   49.80元
世界童话精选百篇,9.1,56,司蒂斯·汤普逊 编选   刘宪之,北京出版社   1988-12   7.60
当世界还不存在的时候,8.6,591,[德] 于尔克·舒比格、[德] 弗朗茨·霍勒 著、[德] 尤塔·鲍尔 绘   王泰智、沈惠珠,四川少年儿童出版社   2010-9   16.80元
绿山墙的安妮,9.0,3445,[加] 露西·莫德·蒙哥玛利   马爱农,浙江文艺出版社   2003-01   15.00元
诗翁彼豆故事集:赫敏·格兰杰译自如尼文,7.9,4392,[英] J. K. 罗琳   马爱农,人民文学出版社   2008-12   18.00元
手绢上的花田,9.1,1950,[日] 安房直子 著、[日] 岩渊庆造 绘   彭懿,接力出版社   2005-1   11.00元
毛毛:大幻想文学,9.0,1196,米切尔・恩德   李士勋,二十一世纪出版社   2000-2-1   16.00
绿野仙踪,8.6,3582,弗兰克·鲍姆   张建平,上海译文出版社   2007-3   11.00元
秘密花园（2册）:中英文对照本,8.5,2613,[美] 弗朗西丝·霍奇森·伯内特   张润芳,中国社会科学出版社   2002-10   25.50元
皮皮鲁和鲁西西的故事,8.7,3178,郑渊洁,学苑出版社   2003-10   10.00元
奥菲利娅的影子剧院:幻想文学大师米切尔·恩德经典作品绘本,9.2,828,（德）米切尔·恩德、（德）弗里德利希·海西尔曼 图   何珊,二十一世纪出版社   2005-5   14
世界童话名著连环画:全8册,9.8,1706,"陈伯吹审定、任溶溶,沙音作者作品介绍撰写",浙江少年儿童出版社   1988-12-01   35元
大盗贼:大幻想文学,9.1,1237,奥得弗雷德·普鲁士勒   陈俊,二十一世纪出版社   2004-10-01   22.00元
郑渊洁童话全集(33卷),9.2,1427,郑渊洁,学苑出版社   1993.12.   13
星尘,8.2,2385,[英] 尼尔·盖曼   龚容、李琳,人民文学出版社   2008-8   19.00元
遥远的野玫瑰村:安房直子幻想小说代表作系列,9.3,1567,安房直子   彭懿,少年儿童出版社   2004-03   17
海的女儿:安徒生童话全集之一,9.1,9102,安徒生   叶君健,上海译文出版社   1978年6月   0.43
借东西的小人:借东西的小人系列,8.4,705,(英)玛丽·诺顿   肖毛,译林出版社   2009年10月   16.00元
查理和巧克力工厂,8.5,1909,罗尔德·达尔   任溶溶,明天出版社   2004-4   13.00元
我想吃一个小孩,8.0,6785,[法] 西尔维娜·多尼奥 著、[法] 多萝蒂·德·蒙弗里 绘   文小山,北京科学技术出版社   2009-2   24.80
猫的事务所:宫泽贤治童话精选集,8.1,579,[日] 宫泽贤治、清月 (绘)   黄叶娟、成洁,上海文艺出版社   2011-5   38.00元
绿色童话:彩色童话集,9.1,271,安德鲁·朗格   张训达,少年儿童出版社   1991年11月1日   20.00元
365夜故事（上下）,9.2,8041,鲁兵 主编、朱延龄 插图,少年儿童出版社   1987-2   2.00元
阿米I-星星的孩子,8.8,926,恩里克·巴里奥斯（Enrique Barrios）   赵德明,天津教育出版社   2008年   20.00
最美最美的中国童话:台湾汉声❤世纪经典版本,9.0,116,汉声杂志社,江苏凤凰美术出版社   2012-12-1   699.00元
雾中的刺猬:ME003,9.0,82,[俄]谢尔盖·科兹洛夫、[俄]尤里·诺尔斯金、[俄]佛兰西斯卡·亚布索娃 绘   韦苇,广西师范大学出版社   2015-1   32.80
小狗钱钱:轻松享有成功与富裕,8.7,7606,[德] 博多·舍费尔   王钟欣、余茜,中国工人出版社   2002-2   15.80元
教海鸥飞翔的猫,8.5,635,[智利]路易斯·塞普尔维达   宋尽冬,人民文学出版社   2011-10   25.00元
我想去看海:不一样的卡梅拉1,9.1,1330,(法)克利斯提昂.约里波瓦 文、(法)克利斯提昂.艾利施 图   郑迪蔚、漪然,二十一世纪出版社   2006-09-01   6.8
小公主:外国文学经典,8.8,2371,(美)伯内特,外语教学与研究出版社   2006-1   9.90元
哈尔的移动城堡:“哈尔的移动城堡”三部曲之一,8.3,1022,[英]戴安娜•韦恩•琼斯   何羲和,人民文学出版社   2013-1   28.00元
皮皮鲁传,8.8,9338,郑渊洁,学苑出版社   2003-11   11.00
童话的心理分析,7.4,483,[瑞士] 维雷娜·卡斯特,生活·读书·新知三联书店   2010-12   29.80元
百变小红帽:一则童话三百年的演变,7.5,2433,[美] 凯瑟琳·奥兰丝汀   杨淑智,生活·读书·新知三联书店   2006-10   15.00元
纳尼亚传奇：狮子、女巫和魔衣柜,8.2,1765,[英] C. S. 刘易斯 著、[英] 保利娜·贝恩斯 插图   陈良廷、刘文澜,译林出版社   2005-11   14.00元
童话中的男性进化史,0,10,[美] 艾伦·B.知念   陈宇飞,广西师范大学出版社   2016-10   56.8
花香小镇,9.1,1664,安房直子   彭懿,少年儿童出版社   2004-03   17.00元
时代广场的蟋蟀,8.8,1030,(美)乔治·塞尔登   傅湘雯,新蕾出版社   2003-09   10.00元
小毛驴与我:安达露西亚挽歌,8.7,379,[西] 胡安·拉蒙·希梅内斯   林为正,团结出版社   2005-01   22.80元
晴天有时下猪,8.9,870,矢玉四郎   彭懿,21世纪出版社   1999-8   9.00
童话心理学,8.3,155,[日]河合隼雄   赵仲明,南海出版公司   2015-5   39.00元
伊索寓言,8.3,4711,(希腊)伊索   吴健平、于国畔,上海译文出版社   2007-7   12.00元
雪人,8.9,862,雷蒙·布力格,少年儿童出版社   2006年3月   32.8
童话的魅力:童话的心理意义与价值,8.2,39,[美] 布鲁诺·贝特尔海姆   舒伟、丁素萍、樊高月,社会科学文献出版社   2015-7   69.00元
直到花豆煮熟:小夜的故事,9.1,1080,[日]安房直子   彭懿,接力出版社   2006-01-01   9.0
皮皮鲁和罐头小人:皮皮鲁总动员,9.0,1195,郑渊洁,二十一世纪出版社   2006-1   13.80元
大林和小林,8.6,434,张天翼,新蕾出版社   2001-10   10.00元
黄昏海的故事,9.2,1219,安房直子   彭懿,少年儿童出版社   2004-03-01   17.00元
小狐狸买手套:儿童之友,9.1,445,(日)新美南吉 编文、(日)黑井健 绘   彭懿、周龙梅,南海出版公司   2010年2月   29.80元
巨人的花园（中英双语）,9.0,498,(英) 奥斯卡·王尔德著;陈宇译,天津社会科学院   2006-12   16.80元
女巫一定得死:童话如何塑造性格,7.6,231,(美)谢尔登·卡什丹   李淑珺,机械工业出版社   2014-8   39.00元
小王子（纯美珍藏绘本）,9.2,1963,[法] 安东尼·德·圣-埃克苏佩里   梅思繁,中央广播电视大学出版社.国开童媒   2015-10   45.00元
最后的精灵:迫不及待想与最爱的人分享的故事,8.4,1444,希瓦娜‧达玛利   景翔,河南文艺出版社   2009-7   26.80元
《异世界童话之旅1：许愿魔咒》,9.3,64,[美] 克里斯·柯尔弗   钱峰,江苏凤凰文艺出版社  江苏凤凰少儿出版社   2015-11   39.80元（全两册）
金拇指,8.5,3215,郑渊洁,学苑出版社   2003-3   19.00元
神奇的收费亭:爱心树文学馆,8.4,174,(美)诺顿·贾斯特 著、(美)朱尔斯·费弗 绘   张加楠,南海出版公司   2012-1   25.00元
胡桃夹子,8.7,1320,(德)霍夫曼著、王燕生译   王燕生,浙江文艺出版社   2005-1   16.00元
小国王,8.5,747,[德]阿尔塞尔•哈克（著）、[德]米夏埃尔•佐娃（绘）   谭小然,陕西师范大学出版总社有限公司   2010-12-1   25.00元
皮皮鲁和419宗罪,8.2,710,郑渊洁,二十一世纪出版社   2006-1   15.80元
智齿,8.3,4195,郑渊洁,学苑出版社   2001-5   21.00元
童话镇:唤醒,8.6,46,（美）爱德华•凯特西斯 编剧、（美）亚当•霍洛维茨  编剧、（美）奥黛特•比奈 著   王虹,漓江出版社   2015-12-1   37.8
你看起来好像很好吃,9.1,6307,宫西达也   杨文,北京少年儿童出版社   2004-06   32
刚好有你在,8.1,236,夏正正,长江文艺出版社   2015-5-15   39.80元
风的旱冰鞋:日本大幻想小说,9.3,957,安房直子   彭懿,二十一世纪出版社   1999年08月   6.4元
尼尔斯骑鹅历险记,8.4,2071,塞尔玛・拉格洛芙   石琴娥,春风文艺出版社   2004-1   16.00元
宫泽贤治童话,8.4,163,[日] 宫泽贤治   周龙梅,译林出版社   1994-8   5.50元
书虫小鼠,8.2,202,(美)萨姆·萨维奇   蔡海燕、李宗陶,译林出版社   2012-11-20   25.00元
有我陪着你，什么都不怕:脱线森林,7.8,225,夏正正、一蚊丁、PP殿下,长江文艺出版社   2015-9   49.8
病菌集中营,8.4,3159,郑渊洁,学苑出版社   2000-10   17.00
郑渊洁十二生肖童话（12册）,8.8,1884,郑渊洁,学苑出版社   1999-06   8.00
森林都记得,8.0,370,扫把,湖南美术出版社   2012-6-5   32.00元
鲁西西传,8.8,7651,郑渊洁,学苑   2006-3   18.00元
女巫,8.8,654,(英)罗尔德·达尔   任溶溶,明天出版社   2004-4   13.50元
白鹦鹉的森林,9.2,1418,安房直子   彭懿,少年儿童出版社   2004-03-01   17.00元
我是钱,8.5,2498,郑渊洁,学苑出版社   2001-4   15.00元
吹小号的天鹅,8.6,614,[美] E·B ·怀特   任溶溶,上海译文出版社   2004-1   17.00元
舒克和贝塔历险记:郑渊洁童话丛书,8.8,10460,郑渊洁,学苑出版社   1996-10-1   15.00
魔鬼三角的秘密:中国童话百家,9.3,120,李曼,中国少年儿童出版社   1991.12   3.80
阿狸·尾巴,8.5,1132,Hans,中国华侨出版社   2013-10   39.8
法国童话精选,9.6,296,贝洛 等   傅辛 等,上海译文出版社   1992-1   7.35元
Princessesoubliéesouinconnues...:被遗忘的公主,9.1,222,Rébecca Dautremer、Philippe Lechermeier,"Gautier Languereau   10 Nov 2004   EUR 19,00"
格林童话,8.8,2614,格林兄弟   施种,上海译文出版社   2006-8   13.00元
PoliticallyCorrectBedtimeStories:ModernTalesforOurLifeandTimes,8.9,110,James Finn Garner,John Wiley & Sons Inc   1994-04   USD 9.95
银孔雀,9.1,1033,安房直子   彭懿,少年儿童出版社   2004-03-01   17.00元
纳尼亚王国传奇（全7册）,8.6,687,[英] 刘易斯 著、贝恩斯 图   米友梅 等,译林出版社   2001-9   69.50元
了不起的狐狸爸爸,8.4,491,罗尔德・达尔   代维,明天出版社   2004-4-1   6.50
谁也看不见的阳台,9.2,631,(日)安房直子   安伟邦,辽宁少年儿童出版社   1986-7   0.90元
笨狼的故事:中国幽默儿童文学创作丛书,8.1,159,汤素兰,浙江少年儿童出版社   2002-04   16.00元
玛蒂尔达,8.8,248,罗尔德・达尔   任溶溶,明天出版社   2004-4-1   16.50
魔法树:魔法树的故事,9.1,53,[英]伊妮德·布莱顿   吴艳红,吉林美术出版社   2013-5-1   18.00
好心眼儿巨人,8.7,236,罗尔德・达尔   任溶溶,明天出版社   2004-4-1   15.50
FablesVol.1:LegendsinExile,8.4,101,Bill Willingham,Vertigo   2002-12-1   USD 12.99
王尔德全集,9.0,716,[英] 奥斯卡·王尔德   杨烈、黄杲炘,中国文学出版社   2000-9   198.00
爱丽斯奇境历险记,8.1,1298,刘易斯·卡罗尔   吴钧陶,上海译文出版社   2007-3   8.00元
阿狸·旋木花园,8.6,319,Hans,中国华侨出版社   2016-3   39.80
格林童话全集（上下）（成人双语版）,8.9,20,（德）格林兄弟   裴大鹰,中国人民大学出版社   2004-11   59.80
苹果树上的外婆,8.6,438,[奥] 米拉·洛贝 著、[奥] 祖西·魏格尔 绘   张桂贞,新蕾出版社   2006-1   12.00元
没有画的画册,8.6,534,（丹）安徒生   林桦,上海社会科学院出版社   2004-01   25.00元
光荣的荆棘路,8.4,164,丹麦.安徒生,中国社会科学   2003-9   28.00元
我的妈妈是精灵,8.7,2496,陈丹燕,春风文艺出版社   1998-01   10.00元
爷爷一定有办法,8.9,2261,菲比·吉尔曼   宋珮,少年儿童出版社   2005-2   28.80元
5月35日:凯斯特纳作品精华,9.2,144,（德）埃里希・凯斯特纳   刘冬瑜,明天出版社   1999-08-01   8.00
染血之室与其他故事,8.2,350,[英] 安吉拉·卡特   严韵,南京大学出版社   2015-1   22.00元
两个意达,9.1,474,(日)松谷美代子   高林,中国少年儿童出版社   1985   0.80
木偶奇遇记,8.5,3059,[意] 卡洛·科洛迪   任溶溶,人民文学出版社   1998-5   7.60元
童话里的世界,8.3,39,蓝蓝,中信出版社   2016-1   45.00元
我讨厌妈妈,8.8,3761,酒井驹子   彭懿,南海出版公司   2007-6   22.00元
车的颜色是天空的颜色,9.0,474,阿万纪美子 著、北田卓史 画   彭懿   21世纪出版社,作家出版社   1999年   9.00元
松鼠先生和月亮,9.2,562,(德)塞巴斯蒂安·麦什莫泽  文 图   王晓翠,湖北美术出版社   2009-1   23.00
爱心树:新经典文库,9.1,2973,谢尔・希尔弗斯坦   傅惟慈,南海出版公司   2003-9-1   18.00元
小熊维尼,8.8,345,A.A.米尔恩   乔向东,上海人民   2007-8-1   28.00
要求太多的餐馆:宫泽贤治经典之作,8.0,374,(日) 宫泽贤治   周龙梅,百花洲文艺出版社   2011-1   28.00元
我们都爱桃伯特:在一个故事中离去，在所有故事中生活。,8.3,172,墨墨、狸空,人民文学出版社   2012-1   28.00元
五日谈,7.2,52,(意)吉姆巴地斯达·巴西耳(Giambattista Basile)   马爱农、马爱新,时代文艺出版社   1996   18.5
爱丽斯漫游奇境,8.5,3502,刘易斯・卡罗尔   张晓路,人民文学出版社   1998-5   10.60元
百年童话,8.7,53,,曹建伟   长江文艺出版社   2016-1
矮人星上的矮人,7.6,462,(意)翁贝托·埃科 著、(意)欧金尼奥·卡尔米 绘图   王建全,上海译文出版社   2012-10   24.00元
青蛙和蟾蜍（全四册）,9.0,152,(美)艾诺·洛贝尔   潘人木、党英台,明天出版社   2009-6-1   52.80元
汤姆的午夜花园,8.7,207,（英）菲莉帕・皮尔斯   马爱农,人民文学出版社   2005-01   20.00
魔方大厦,8.4,1670,郑渊洁,学苑出版社   2003-10   19.50元
皮皮鲁和蛇王阿奔,9.0,434,郑渊洁,二十一世纪出版社   2007-7   13.80元
丛林故事,8.4,222,（英）吉卜林   文美惠，任吉生,人民文学出版社   2004-03   11.00元
爱尔兰童话故事:诺奖童书,7.9,13,[爱尔兰] 叶芝 编   高勤芳,人民文学出版社   2016-4   23.00元
兔子屋的秘密,8.8,880,安房直子   周龙梅 彭懿,接力出版社   200606   9.00
一片叶子落下来:新经典文库,8.5,733,(美)利奥·巴斯卡利亚   任溶溶,南海出版公司   2006-12   20.00
哈默林的花衣吹笛人,8.6,46,[英] 罗伯特·布朗宁、克里斯蒂娜·罗塞蒂、罗伯特·路易斯·斯蒂文森   屠岸、方谷绣,中国少年儿童出版社   2001-7   14.00元
给姑娘陛下:灰色童话1,8.6,748,夜X、吴淼（绘）,万卷出版公司   2010-5   25.00元
时间之城,8.4,209,马嘉恺,新世界出版社   2010-6   29.80元
魔法师的帽子,9.0,297,(芬)托芙·扬松   任溶溶,明天出版社   2004-4-1   12.00
鹅妈妈童谣,9.0,80,张新颖、肖慧、叶秀芳,上海教育出版社   2000年3月   7.50元
黑塞童话选,8.8,85,海尔曼·黑塞   杨志军,中国城市经济社会出版社   1990.10   1.80元
吹牛大王历险记,8.7,661,拉斯伯   刘浩,人民文学出版社   2000-5-1   6.00
列那狐的故事,8.8,1710,M.H.吉罗夫人   上海图书馆,上海科技文献出版社   2004-5   18.00元
风之又三郎,8.3,140,[日]宫泽贤治   徐华锳,吉林出版集团有限责任公司   2012-5   25.00元
365夜知识童话(上下),9.5,104,,鲁克主编   少年儿童出版社   1994
CompleteFairyTalesofOscarWilde,9.3,233,Oscar Wilde,Signet Classics   2008年   USD 5.95
奥斯卡与玫瑰夫人,8.8,378,[法] 埃里克-埃玛纽埃尔·施米特   徐晓雁,作家出版社   2008-5   25.00元
阿米Ⅱ-宇宙之心,9.1,291,（委内瑞拉）恩里克·巴里奥斯   赵德明,天津教育出版社   2008-09   20.00元
WheretheWildThingsAre,8.9,485,Maurice Sendak,HarperCollins   1988-11   USD 8.99
竹久梦二的童画童话,8.1,225,(日) 竹久梦二   季慧,金城出版社   2011-2   48.00元
鬼妈妈,8.2,603,（英）尼尔·盖曼   杨玲玲,少年儿童出版社   2005-7   10.0
阿狸·永远站,8.9,9794,Hans,北方妇女儿童出版社   2010-12   35.80元
月亮看见了,8.4,685,(丹麦)安徒生、王怡(图)   宋城双,北方妇儿   2010-10   32.80元
我的妖怪培养计划,9.1,160,胡晓江、黄玉洁,哈尔滨出版社   2003-5-1   19.80
小布头奇遇记:小布头丛书,9.4,671,孙幼军,春风文艺出版社   2005-5   13.60元
胡萝卜须,7.9,529,[法]儒勒·列纳尔   王振孙,人民文学出版社   2005-10   12.00元
瞬间收藏家,8.4,1132,（德）布赫兹   张莉莉,上海人民出版社   2004-07   12.00元
米切尔.恩德作品集,9.2,74,米切尔・恩德   何珊,二十一世纪出版社   2000-8-1   16.00
詹姆斯与大仙桃,8.8,398,罗尔德·达尔   紫岫,明天出版社   2004-4-1   11.50
挖開兔子洞:深入解讀愛麗絲漫遊奇境,9.0,50,路易斯·卡洛爾(Lewis Carroll)  原著、約翰·田尼爾(John Tenniel) 插圖、張華 譯注,遠流   2010年3月   NTD300元
大海在哪里,8.8,266,(瑞士)于尔克·舒比格 著、(德)罗特劳特·苏珊娜·贝尔纳 图   李真子,贵州人民出版社   2007-5   21.80元
普希金童话诗,9.0,220,普希金   梦海、冯春,上海译文出版社   1979   0.95
怪老头儿,9.0,948,孙幼军,春风文艺出版社   1998-10   13.60元
蓝鲸的眼睛,9.2,57,冰波,中国福利会出版社   2001-10   15.00元
魔法树顶的国度:魔法树的故事,9.3,34,[英]伊妮德·布莱顿   赵文伟,吉林美术出版社   2013-5-1   18.00
青鸟,8.3,284,(比利时)梅特林克   郑克鲁,上海译文出版社   2011-10   24.00元
曼哈顿的小红帽,8.1,38,卡门·马丁·盖特   张煦、朱景冬 校订,漓江出版社   2015-1   28.00元
被遗忘的公主,8.7,25,[法] 菲利普·勒榭米耶 文、[法] 海贝卡·朵特梅 图,山东文艺出版社   2015-6   78.00元
爸爸、妈妈、我和她,8.7,263,(瑞士)于尔克·舒比格 著、(德)罗特劳特·苏珊娜·贝尔纳 图   李真子,贵州人民出版社   2007-5   21.80元
松鼠先生和第一场雪:松鼠先生系列绘本合辑,9.2,308,(德)塞巴斯蒂安·麦什莫泽  文 图   刘海颖,湖北少年儿童出版社   2009-7   26.00元
TheHappyPrinceandOtherStories,9.4,255,Oscar Wilde,Penguin Books Ltd   2007-01-25   USD 3.98
永远永远爱你,9.1,1995,宫西达也   蒲蒲兰,二十一世纪出版社   2008年5月   24.80 RMB
月亮，晚安,8.8,237,文 马格丽特·怀兹·布朗、图,克雷门·赫德   黃迺毓   上誼文化公司
恰佩克童话集,8.8,34,（捷克）恰佩克   任溶溶,上海译文出版社   2002-04   10.00
我要是别人就好了:让孩子发现自己的优点，与自卑、嫉妒、孤僻告别。,8.1,21,（德）维尔纳·霍尔茨瓦特   轩若,九州出版社   2016-7-1   39.80
古堡里的月亮公主,8.3,817,[英] 伊丽莎白·古吉   马爱农,人民文学出版社   2003-4   19.2
罐头里的孩子,8.8,133,[奥地利]克·涅斯林格   施种,少年儿童出版社   1997年11月第一版   9.90
水孩子,8.4,1071,[英] 查尔斯·金斯利   张炽恒,上海译文出版社   2002-4   12.50元
住在屋顶上的小飞人,9.2,61,[瑞典] 阿·林格伦   任溶溶,湖南人民出版社   1980-5   0.44元
猫的旅店,7.6,27,,马嘉恺   接力出版社   29.8元
安徒生剪影,8.6,772,林桦 编著,生活·读书·新知三联书店   2005-3   38.80元
小猪唏哩呼噜,8.8,112,孙幼军,春风文艺出版社   2002-10   13.60
绒布小兔子:绒布小兔子,9.2,30,(美)玛格丽·威廉斯 著、(美)根纳季·施普瑞 绘   陈玉娇,新疆青少年出版社   2012-6   36.00元
野兽国,7.3,159,[美]戴夫·艾格斯   虞钧栋,人民文学出版社   2010-6-1   24.00元
阿米III-爱的文明:爱的文明,8.9,231,恩里克·巴里奥斯   赵德明,天津教育出版社   2008-12   22.00元
英汉对照安徒生童话全集（全三册）,9.5,204,安徒生   叶君健（中） W.A.&J.K.格拉吉（英）,清华大学出版社   1999-11   128.0
第五个:新经典文库,8.5,818,[奥]恩斯特·杨德尔(Ernst Jandl) 文、[德]诺尔曼·荣格(Nornann Junge) 图   三禾,南海出版公司   2007-3   20.00元
外公是棵樱桃树:国际大奖小说,8.7,175,(意)安琪拉·那涅第   徐洁,新蕾出版社   2008-1-1   13.80元
妖精的小孩,7.6,26,(美)埃洛伊塞·麦格劳   枣泥,晨光出版社   2014-7   22.00元
LostandFound,9.5,244,Oliver Jeffers,HarperCollins Children's Books   2006-05-02   GBP 5.99
风到哪里去了,8.6,554,文 夏洛特·左罗托夫、图 斯蒂芬诺·维塔   陈丹燕,少年儿童出版社   2006年6月   29.80元
淘气包埃米尔,9.3,359,[瑞典] 阿斯特丽德·林格伦   李之义,中国少年儿童出版社   2002-5   22.50元
安徒生童话.绘本原画展,9.3,90,,青林   20020120   151.62元
不老泉,8.1,172,（美）纳塔利・巴比特   肖慧,上海译文出版社   2005-07   15.00
《异世界童话之旅2：女巫归来》,8.3,20,[美]克里斯·柯尔弗   钱峰,江苏凤凰文艺出版社  江苏凤凰少儿出版社   2015-11   49.80元（全三册）
皮皮鲁和幻影号,8.9,488,郑渊洁,二十一世纪出版社   2006-7   14.80元
银线星星:台湾趣味童话选,9.8,37,桂文亚 主编,"台湾民生报,作家出版社联合出版   1993.5   12.00"
倒长的树:另含两个医生和死尸场,9.1,125,(印)克里山·钱达尔、[印]苏德尔辛、[印]拉姆德尔希·密希尔   蔡国辉,广东人民出版社   1982-02-01   0.31 元
莫里斯桑達克的格林童話,8.0,14,作者：格林兄弟 Brothers Grimm、繪者：莫里斯桑達克 Maurice Sendak   張莉莉,格林文化   2012-6-8   台币290元
好好照顾我的花:郝广才作品精选集,8.4,590,郝广才,知识出版社   2003-9   16.00元
泪奔吧，无用超能力,8.2,407,王小能,上海人民美术出版社   2012-4   16.00元
彼得潘,8.6,664,,2006-10   88.00元
看不见的小妞,9.2,112,（芬）扬松   任溶溶,明天出版社   2004-4-1   12.00
万花筒:国际安徒生获奖作家书系,9.0,60,依列娜·法吉恩   徐朴,河北少年儿童出版社   2001年05月   12.3元
爱丽丝镜中世界奇遇记,7.4,348,卡罗尔   黄建敏,外语教学与研究出版社   1998-01   5.90元
永远讲不完的童话,9.2,89,(德)米切尔·恩德   何珊,二十一世纪出版社   2010年1月   18.00元
世界儿童文学名著故事大全,9.7,75,陈伯吹 主编,少年儿童出版社   1989   15.00
动物远征队,9.2,33,(英)考林·达恩   李名玉,江苏人民出版社   1982-3   0.68元
去年的树,9.4,106,(日)新美南吉   周龙梅、彭懿,贵州人民出版社   2008-06-01   10.00元
13只钟,8.0,96,(美)詹姆斯·瑟伯   张淕   重庆大学出版社,楚尘文化   2012-9   25.00元
豪夫童话,8.7,455,[德]维廉·豪夫   施种、侯浚吉,上海译文出版社   2007-7   17.00元
到你心里躲一躲,8.9,128,汤汤,中国少年儿童新闻出版总社，中国少年儿童出版社   2010年01月   18.00
一只聪明的小狐狸,9.1,83,[捷克] 约瑟夫·拉达   孙幼军,二十一世纪出版社   2007.12   12.00元
雨滴项链,9.1,241,(英)琼·艾肯   舒杭丽,新蕾出版社   1983   0.40.
小女巫,9.0,330,奥得弗协德·普鲁士勒   张捷鸿,二十一世纪出版社   2005-9   8.00元
風與樹之歌,9.3,217,安房直子   彭懿,時報文化   2005年06月20日   NT$ 200
时间的皱纹,7.1,98,马德琳·英格   廖丽,吉林文史出版社   2007-6   20.00元
故事大王讲故事100篇,7.9,30,于玉珍、虞农,民族出版社   1994-1   4.80
穿靴子的猫:凯迪克大奖绘本系列,8.5,300,(美)马尔科姆·阿瑟 文、(美)弗雷德·马塞利诺 图   彭懿、杨玲玲,贵州人民出版社   2009年06月   26.80元
来自鬼庄园的九九,8.2,133,汤汤,中国少年儿童出版社   2010-1   18.00元
我可以抱你吗宝贝,8.9,445,,郁雨君   2008-5   16.00元
原来如此的故事,7.5,71,鲁迪亚德·吉卜林   刘仲敬,广西师范大学出版社   2015-9-1   28.00元
风又三郎:宫泽贤治童话文集①,8.9,112,[日] 宫泽贤治   周龙梅,少年儿童出版社   2003-5   17.00元
爱哭的猫头鹰,8.1,102,插图(比利时)菲利珀·高森斯、编者:鲍尔·菲尔斯特   于珊,湖北美术出版社   2008年   26.00元
蛙先生和他的梦,0,10,童子,安徽少年儿童出版社   2016-6   16
Grimm'sFairyTales,8.1,103,Jacob Grimm、Wilhelm Grimm   NTC,Contemporary Publishing Company   1993-1   22.50元
最后一朵花,8.0,82,[美]詹姆斯·瑟伯   李捃君,重庆大学出版社   2012-9   24.00元
想变成人的猴子:笑猫日记3,8.6,608,杨红樱,明天出版社   2006-5   15.00元
童,8.2,613,Lisk 绘,黑龙江美术出版社   2010-12   29.80元
小无知的故事（1-4）,8.3,19,韩国臻、王胜军,人民美术出版社   1987-03   4.06
红玫瑰旅馆的客人,8.7,753,[日] 安房直子、马冰峰 绘   周龙梅、彭懿,接力出版社   200606   9.00元
渡过雪原,8.4,34,(日)宫泽贤治   周龙梅、彭懿,贵州人民出版社   2008-06-01   10.00元
逆流河,8.3,570,（法）让-克劳德·穆勒法   刘成富、江蕾,接力出版社   2008-04   21.0
最後的巨人,9.4,31,"法蘭斯瓦．普拉斯 Place, Francois (François Place)   陳太乙   時報文化出版企業股份   2010",01 20   NT$250
狐狸列那的故事:世界名著金库,9.0,251,（法）玛·阿希-季浩夫人   严大椿,少年儿童出版社   1997-11-01   12.20
故宫里的大怪兽:洞光宝石的秘密,9.3,49,常怡,知识出版社   2015-9-16   20
空中城堡:“哈尔的移动城堡”三部曲之二,7.9,206,[英]戴安娜•韦恩•琼斯   匪石,人民文学出版社   2013-1   28.00元
鼹鼠的月亮河,8.7,34,王一梅,新蕾出版社   2006-11   12.00元
杨红樱童话珍藏版,8.6,271,杨红樱,明天   2009-5   19.00元
初版格林童話（精華篇）,8.2,73,格林兄弟,旗品   20000615   NT$ 169
为自己出征:盔甲骑士,8.5,719,[美] 罗伯特•费希尔   郭伟刚,南海出版公司   2009-10   18.00元
这是我最好的爱:王尔德经典童话选,8.9,170,[英]王尔德   巴金,江苏文艺出版社   2012-8   35.00元
埃梅童话:世界童话经典插图,9.6,26,（法）马塞尔・埃梅   林秀清,接力出版社   1998-08   18.00
红蜡烛和人鱼姑娘,9.1,174,(日)小川未明   施元辉、孟会亚,福建人民出版社   1981   0.47
小灵通漫游未来,8.9,1534,叶永烈 著、杜建国 插图,少年儿童出版社   1978   0.29
小约翰,8.1,178,[荷兰] 弗雷德里克·凡·伊登   胡剑虹,华夏出版社   2004-5   18.00元
宝葫芦的秘密,8.4,379,张天翼,人民文学出版社   1959   0.32
南极姑娘,6.9,610,陈谌,北京联合出版公司   2014-12-1   CNY 39.80
妈妈菩萨孩子佛,8.1,16,粲然,贵州人民出版社   2016-10-18   39.80
罐头小人,9.0,2166,郑渊洁,学苑出版社   2004-4-1   15.0
亲爱的小鱼:启发精选好书,9.0,596,[法] 安德烈·德昂   余治莹,河北教育出版社   2007-11   29.80元
张天翼儿童文学全集（全四册）,9.1,28,张天翼,中国少年儿童出版社   2002-8-1   98.00元
梦的尽头:安房直子的十七个故事,9.0,59,(日)安房直子 著、(日)味户惠子 图   彭懿、周龙梅,二十一世纪出版社   2013-6   25.00元
舒克贝塔和五角飞碟,9.3,212,郑渊洁,二十一世纪出版社   2007-7   14.80元
那天，我用爸爸換了兩條金魚,8.7,241,尼爾．蓋曼（文）、大衛．麥金（圖）   陳瀅如,繆思   20041001   128.10
小朵朵和大魔法师,9.3,43,汤素兰,海天出版社   2005-1   15.00元
长袜子皮皮的冒险故事:世界名著金库,9.3,490,[瑞典]阿.林格伦   李之义,少年儿童出版社   1983   13.80
安徒生童话剪纸,8.3,90,（日）太田拓美   李晓洋,河南科学技术出版社   2011-5   28.80元
拴牛的山茶树:日本儿童文学大师系列,8.8,30,(日)新美南吉   周龙梅、彭懿,新星出版社   2012-8   25.00元
塔克的郊外,9.0,186,乔治·赛尔登   袁颖,新蕾出版社   2011-1   15.00元
纸牌的秘密,8.5,3910,(挪)乔斯坦·贾德   李永平,作家出版社   2007-10   23.00元
Joliesténèbres:美丽黑暗,9.1,196,Fabien Vehlmann、Kerascoët,Dupuis SA   2009-03-06   EUR 16.00
皮皮鲁和梦中人,8.7,384,郑渊洁,二十一世纪出版社   2006-1   13.80元
豆蔻镇的居民和强盗:世界少年经典文学丛书,8.9,553,（挪威）T・埃格纳   叶君健,大众文艺出版社   2003-01-01   12.00
蝴蝶狮,9.1,67,[英] 麦克·莫波格   柳漾,光明日报出版社   2016-3   29.80元
七色花,8.7,2554,(苏)卡泰耶夫   曹靖华,少年儿童出版社   1981   0.13.
格列佛游记,7.6,8505,[英] 乔纳森·斯威夫特   杨昊成,译林出版社   1995-12   8.50元
月亮的味道,8.6,1134,麦克·格雷涅茨   漪然 彭懿,二十一世纪出版社   2007年1月   26.00元
是谁嗯嗯在我的头上,8.6,2526,（德）霍尔茨瓦特、（德）埃布鲁赫   方素珍,河北教育出版社   2008-10   29.80元
THEWINDINTHEWILLOWS,9.2,43,,Kenneth Grahame   1993-1   20.00元
RoaldDahl15BookBoxSet,8.8,24,Roald Dahl,Penguin USA (Juv)   2010-3   628.00元
宝宝晚安----儿童睡前故事366,9.9,45,凯思林·杰克逊   吴然吟、徐依琲、蔡颖,上海翻译出版公司   1988   3.10
畸人馆:黑童话集,8.2,59,,甜老虎   聯邦走馬製作   2012-11
比波王子的故事,9.4,94,(法)皮埃尔·格里帕里   良葆,上海译文出版社   1990   1.85
爱丽丝漫游奇境:名著名译名绘版,9.3,62,(英)刘易斯·卡罗尔 著、(澳大利亚)罗伯特·英潘 绘   王永年,接力出版社   2012-5   98.00元
LittlePrince:2006WallCalendar,9.3,45,Jeu d'Aujourd'hui,Universe Publishing   2005-06-01   USD 13.99
童书创作实用指南,8.5,69,(英)苔丝狄蒙娜·麦克卡农、苏·桑顿、雅兹亚·威廉姆斯   宋佩,接力出版社   2011-11   88.00元
爷爷的煤油灯:新美南吉的童话,8.6,30,(日)新美南吉   王新禧,陕西人民出版社   2012-12   22.80元
小鼹鼠的土豆,8.7,138,熊亮、熊磊、邹春燕,人民大学   2003-8-1   12.80
木民谷的冬天:木民谷的冬天,8.9,134,托芙・扬松   任溶溶,明天出版社   2004-4   11.00元
保姆狗的阴谋:笑猫日记1,8.6,908,杨红樱,明天出版社   2006-5   15.00元
生化保姆,8.1,2692,郑渊洁,学苑出版社   2000-7   19.00元
稻草人:稻草人,8.5,124,叶圣陶,湖北少年儿童出版社   2006-1-1   15.80元
小公主和矮爸爸,9.1,80,伍美珍,人民邮电   2009-8   15.00元
请到我的烟囱街来:名家名译文学馆,9.4,131,(瑞典)贡内尔·林德   任溶溶,二十一世纪出版社   2008-5-1   12.00元
一岁的小鹿,9.6,61,(美)罗琳斯   李俍民,外国文学出版社   1980   1.20
皮皮鲁和金拇指,8.8,356,郑渊洁,二十一世纪出版社   2006-1   19.80元
秋空爽朗:童话故事与人的后半生,8.1,73,艾伦.奇南(美)   刘幼怡,东方出版社   1998-09   12.00
Moomin:TheCompleteToveJanssonComicStrip-BookOne,9.7,45,Tove Jansson,Drawn and Quarterly   2006-11-14   140.00元
香梅女皇,8.4,42,淡月清桐,中国青年出版社   2014-1   26.00元
大灰狼罗克,8.6,3603,郑渊洁,学苑出版社   1996-10-1   10.00
小飞人卡尔松,8.8,741,阿斯特丽德・林格伦   李之义,中国少年儿童出版社   1999-8   25.10元
蓝色童话,9.3,195,[英国] 安德鲁·朗格   周仁义、顾之敏 等,少年儿童出版社   1991-11   21.00元
笑猫日记-一头灵魂出窍的猪:笑猫日记10,8.5,400,杨红樱,明天出版社   2010-1   15.00元
白客,8.2,2999,郑渊洁,学苑出版社   2000-11   19.00元
快乐王子:快乐王子,9.3,61,[英] 王尔德   巴金,上海译文出版社   2014-3-1   CNY 16.00
罗大里童话:四个历险故事,9.6,95,贾尼·罗大里   任溶溶,湖南少儿出版社   1990   3.85
魔女宅急便:新经典文库,8.4,389,(日)角野荣子 著、(日)林明子 绘,南海出版社   2007年7月1日   20.00
很禽兽,8.2,572,仇敏业 著、陈蕾 绘,新星出版社   2009-3   26.00
彼得兔的故事,8.5,176,(英)波特   张润芳,中国社会科学出版社   2003-04   26.00
格林童话I,8.2,72,[英]菲利普·普尔曼   文泽尔,湖南人民出版社   2013-11   34.00元
风沙星辰,8.5,621,[法] 安东尼·德·圣艾修伯里   艾柯,哈尔滨出版社   2002-3   21.80元
洋葱头历险记:世界名著金库,8.8,1280,(意)姜·罗大里   任溶溶,少年儿童出版社   1997-11-1   13.90
天鵝絨兔子,9.4,18,"瑪格利．威廉斯．比安可 Bianco, Margery Williams、酒井駒子   陳珊珊",誼文化實業股份有限公司   2010   280新臺幣
皮皮鲁和教室里的隐身人,8.6,676,郑渊洁,二十一世纪出版社   2006-1   13.80元
Momo,8.9,56,Ende,Thienemann Verlag   1973   EUR 13.90
皮皮鲁分身记,8.5,257,郑渊洁,二十一世纪出版社   2006-7   13.80元
下头一场雪的日子,8.9,281,(日)安房直子 文、(日)小峰由兰 图   彭懿,少年儿童出版社   2009年6月   17.00元
雾中的奇妙小镇:雾中的奇妙小镇,8.4,74,(日) 柏叶幸子 著、(日) 杉田比吕美 绘   赵玉皎,南海出版公司   2010-6   15.00元
童话是童话是童话,7.1,177,［德］苏彼勒·海恩,人民文学出版社   2006-5-1   16.8
大盗霍琛布鲁茨（全三册）,9.7,30,奥得弗雷德・普鲁士勒   陈俊,二十一世纪出版社   2000-8-1   6.50
那个骑轮箱来的蜜儿,8.5,806,杨红樱,作家出版社   2004-04   15.00元
明希豪森奇游记,9.6,34,(德)埃.拉斯伯   刘浩,少年儿童出版社   1980.9   0.35
橡树上的逃亡（共两部）,9.1,145,蒂莫泰·德·丰拜勒   刘英华,新蕾   2007-9   24.00元
红发安妮,8.7,93,露西·莫德·蒙哥马利   邓少勉,中国对外翻译出版公司   2002年5月1日   17.6
魔法灰姑娘:叛逆的命运,8.7,248,[美]孟尔.卡森.乐文   赵永芬,新蕾出版社   2003-09   16.00元
中国童话名著连环画(上下),9.7,220,陈明钧、赵冰波,浙江少年儿童出版社   2000-3-1   24.00
五个苹果折腾地球,8.8,1990,郑渊洁,学苑出版社   2004-4-1   15.00元
自私的巨人TheSelfishGiant,9.2,45,奧斯卡．王爾德，費歐娜•華特斯，費班恩•納格倫，譯／劉清彥,道聲   20050401   NT$ 250
拿不动的世界,7.6,552,大橘子、东东枪,中信出版社   2014-5-30   39.80元
大森林里的小木屋,9.1,127,罗兰・英格斯・怀特   温淑真,天地出版社   2005-01   15.00元
皮皮鲁恐怖易位,8.6,273,郑渊洁,二十一世纪出版社   2006-1   13.80元
小狐狸阿权,9.3,106,(日)新美南吉 文、(日)黑井健 图   周龙梅、彭懿,新星出版社   2012-6   32.00元
我想有颗星星:不一样的卡梅拉2,9.0,589,[法]克利斯提昂.约里波瓦 文、[法]克利斯提昂.艾利施 图   郑迪蔚、漪然,二十一世纪出版社   2006年9月   6.80元
绿野仙踪全集之一,9.7,238,（美）鲍姆   筱章等,上海译文出版社   1992年2月   6.65
渔夫和他的灵魂,8.6,82,,王尔德   2009-7   25.00元
红帆,8.2,130,[苏] A. 格林   张佩文,广西师范大学出版社   2002-09   7.80
星星和蒲公英:日本儿童文学大师系列,9.1,68,(日)金子美铃   吴菲,新星出版社   2012-8   25.00元
小靈魂與太陽:Thelittlesoulandthesun:achildren’sparableadaptedfromConversationwithGod,9.5,29,尼爾‧唐納‧沃許   劉美欽,方智   2001年05月09日   NT$ 129
皮皮鲁和红桃老K,8.7,287,郑渊洁,二十一世纪出版社   2006-7   13.80元
装在口袋里的爸爸,7.6,209,杨鹏,春风文艺出版社   2000-08   9.00
流浪狗和流浪猫,8.6,256,杨红樱,作家出版社   2004-5-1   13.00元
九色鹿,9.5,119,严霁 改编、张世明 绘,少年儿童出版社   1983年12月   0.30
MAMOKO妈妈看！,0,10,[波兰]亚历山德拉•米热林斯卡、[波兰]丹尼尔•米热林斯基,惠旋   未来出版社   2016-5
外星童话,8.3,262,奥非斯,上海人民出版社文学出版中心   2008   25.00元
荒野丛林,7.4,61,[美]科林·梅洛伊  著、卡森·埃利斯 绘   蔡一鸣,上海文艺出版社   2014-11   42.00元
怪老头的故事,9.7,19,孙幼军,浙江文艺出版社   2012-3   13.80元
公主的月亮,8.8,355,（美）詹姆斯·瑟伯、（美）马克·西蒙特（图）   邢培健,南海出版公司   2008-3   29.80元
樱桃沟的春天:笑猫日记9,8.7,503,杨红樱,明天出版社   2009-5   15.00元
假话国历险记:世界名著金库,8.9,574,姜・罗大里   任溶溶,少年儿童出版社   1997-11-1   11.10
鹿舞起源,8.5,47,(日)宫泽贤治   周龙梅,新星出版社   2012-8   25.00元
永远的男孩女孩:从灰姑娘到哈里·波特,7.7,131,(美)艾莉森·卢里   晏向阳,南京大学出版社   2008年10月   18.00
屋顶上的小孩,8.3,145,(美)奥黛莉·克伦毕斯   刘清彦,新蕾出版社   2004-8-1   15.00元
欧洲童话村之旅,7.6,169,[韩]李炯俊 图 文   李悦,生活.读书.新知三联书店   2010年10月   39.00元
你睡不着吗?:信谊世界精选图画书,8.9,216,(爱)马丁·韦德尔 著、(爱)芭芭拉·弗斯 图   潘人木,明天出版社   2008-12   32.80元
冰龙,7.9,93,[美] 乔治·马丁、路易斯·罗伊 绘   屈畅,长江少年儿童出版社   2016-4   35.00元
狗来了,8.5,146,(奥)克里斯蒂娜·涅斯特林格   杨立,新蕾出版社   2006-06-01   14.00元
挖鼻孔真好玩,7.9,597,（德）库娄特 著   王星 译,贵州人民出版社   2007-5-1   23.8
羊男的圣诞节:羊男的圣诞节,7.6,2020,村上春树、佐佐木MAKI   林少华,上海译文出版社   2004-01   13.00
五毛钱的愿望,7.9,87,安德鲁・格拉斯、比尔・布里坦、隋荣谊   隋荣谊,新蕾出版社   2004-8-1   14.00元
从前，有一个点:事物的起源与秘密,8.9,59,常立,广西师范大学出版社   2013-1   24.00元
挖鼻孔的大英雄:世界精选幽默图画书,7.9,140,阿兰·麦特   文小山,北京科学技术出版社   2009-2   24.80元
不一样的卡梅拉（1-10册）,9.3,389,（法）克利斯提昂·约里波瓦、（法）艾利施 绘   郑迪蔚,二十一世纪出版社   2011-11   120.00元
公主向前走,8.5,189,Marcia Grad,方智出版社   2000-09-01   230
黑猫历险记,9.5,64,（捷克）约瑟夫·拉达   刘星灿,湖南少年儿童出版社   1989.1.   3.40
牵一只蜗牛去散步,8.6,133,张文亮,中国工人出版社   2004-1   18.00元
彼得兔经典故事集-小兔彼得:小兔彼得,9.1,84,比阿特丽克斯·波特   吴青,天天出版社   2011-5   20.00元
拥抱幸福的小熊-阳光姐姐嘉年华:抱幸福的熊,9.1,521,伍美珍,明天出版社   2006-6   18.00元
花婆婆:启发系列绘本,8.9,1763,[美]芭芭拉·库尼   方素珍,河北教育出版社   2007-4   29.80元
声音森林,8.8,221,(日)安房直子 文、(日)广川沙映子 图   彭懿,少年儿童出版社   2009年6月   17.00元
世界童话名著文库2,9.9,24,浦漫汀 张梅妮、梅沙 汪毓馥 编,新蕾出版社   1989年3月   6.65元
卡里来和笛木乃,8.0,27,[阿拉伯] 伊本·穆加发,林兴华   人民文学出版社   1959-3
没头脑和不高兴:16开彩印,8.4,561,任溶溶,浙江少年儿童出版社   2004-1-1   23.00
纽约少年,9.2,30,(美)赫尔曼.沃克   常弓、骆莹,中国少年儿童出版社   1985   1.80
不能弄湿脚的青蛙女王,9.3,28,【意】大卫•卡利、【意】马可•索玛   陈木含,郑州大学出版社   2016-5   32.80元
兔之眼,8.7,351,灰谷健次郎   吴菲,中国城市出版社   2010-9   24.80元
座敷童子的故事,7.7,282,(日)宫泽贤治   周龙梅,百花洲文艺出版社   2011-6   28.00元
幽默儿童文学名著译丛（全6册）:因《幽默儿童文学名著译丛》重复使用一个ISBN号，该页面暂时代表该丛,9.6,97,任溶溶 主编、[德] 奥·普罗伊斯拉、[英] 玛丽·诺顿、[英] 拉切尔·比林顿、[瑞典] 林德、[日] 佐藤晓、[芬] 图·杨松   王石安、任溶溶、费正平、黄亦波、吉裕生、潘辛、陈玉墀,浙江少年儿童出版社   1990   10.00元
TheVelveteenRabbit:OrHowToysBecomeReal,9.2,46,Margery Williams、Michael Hague (绘),Square Fish   2008-1-22   USD 7.99
儿童睡前故事大全,8.2,12,陆健,同心出版社   1993-04   13.00
神秘的女老师,8.6,606,杨红樱,作家出版社   2004-04   15.00元
周锐童话选,9.7,46,周锐,少年儿童出版社   1994   18.00
TheBookofLostThings,8.4,168,John Connolly,"Atria   November 7, 2006   $23.00"
德国，一群老鼠的童话,8.3,140,费尔曼,二十一世纪出版社   2002-8   8.80元
爱丽莎的眼睛:橡树上的逃亡大结局,9.0,68,(法)蒂莫泰·德·丰拜勒、绘画(法)弗朗索瓦·普斯   刘英华,新蕾出版社   2008-09-01   28.00元
童话镇:别悲伤，阳光还在温暖,7.9,65,童话镇的邮递员 (作者)、Starry阿星 (插图作者),中国友谊出版公司   2015-12-1   42.8
大草原上的小老鼠,9.3,62,枚述,上海教育出版社   2000-12   13.5
你很特别,9.0,320,陆可铎、马第尼斯,2004-6-1   15.00
单翼天使不孤单,8.6,909,伍美珍,明天   2008-5   16.00元
失落的一角:新经典文库,8.8,8482,谢尔·希尔弗斯坦   陈明俊,南海出版公司   2003-9-1   20.00
戴高帽的猫,8.3,89,(美国)苏斯博士   任溶溶,上海译文出版社   2002-9   18.00元
鬼车,7.8,2067,郑渊洁,学苑出版社   2002-3-1   19.00
安徒生童话全集（全四册）,9.3,262,安徒生   叶君健,中国城市   2009-5   98.00元
佛兰德斯的狗:原名：ADOGOFFLANDERS一条灵狗与一个天才少年生死不渝的爱与友谊,8.0,196,奥维达   肖毛,北京十月文艺出版社   2007-1   19.00元
会搔耳朵的猫,9.0,43,(法)马塞尔·艾梅   黄新成,重庆出版社   1982年12月   0.57
毒蜘蛛之死,7.6,234,冰波,长江文艺出版社   2011-12   26.80元
小无知气球旅行,8.9,137,(俄)诺索夫   和志宽,浙江文艺出版社   2002-05-01   9.80
精灵鼠小弟,8.2,311,E．B·怀特   任溶溶,上海译文出版社   2004-6   15.00元
皮皮鲁全传,9.2,843,郑渊洁,四川少年儿童出版社   1984-11-01   1.79 元
人鸦,8.3,116,（奥）施莱伯尔   陈俊,二十一世纪出版社   2002-08   8.80元
一号街的幽灵猫:日本大幻想小说,8.8,270,木暮正夫,二十一世纪出版社   1999-08-01   8.30元
狼蝙蝠:中华当代童话新作丛书,9.4,96,冰波,江苏少年儿童出版社   1993-12-01   7.50
皮皮鲁和巴拉娜,8.6,199,郑渊洁,二十一世纪出版社   2007-3   13.80元
晴天下猪,9.0,252,[日] 矢玉四郎   彭懿,二十一世纪出版社   2002-9   12.80元
海的女儿,9.0,465,"（丹麦）安徒生（Andersen,H.C.）   叶君健",北京燕山出版社   2007   15.00元
幸福的鸭子:笑猫日记5,8.6,614,杨红樱,明天出版社   2007-4   15.00元
飞天小魔女,9.5,61,(联邦德国)普罗伊斯拉   吉裕生,少年儿童出版社   1989-11   1.75
英伦童话地图:从爱丽丝到哈利·波特,8.5,91,张弘,少年儿童出版社   2005-4   25.00元
笋瓜自传,8.3,402,帕里斯   邱曙苇,人民文学出版社   2005-8   17.00元
你真好:蒲蒲兰绘本馆,9.1,2017,宫西达也 文 图   蒲蒲兰,二十一世纪出版社   2005-8   26.80元
风语河岸柳,8.5,382,格拉姆   阮斌兵,外语教学与研究出版社   1998-1   5.90元
总有一天会长大:(国际安徒生奖获奖作家书系),8.7,24,托摩脱·蒿根   裴胜利,河北少年儿童出版社   2002年09月   8.6元
童话山海经,0,10,林一苇,河南大学出版社   2016-7   32
西女巫之死,8.3,418,梨木香步   竺家荣,人民文学出版社   2012-3   19.00元
“全不知”游月球:“全不知”三部曲,9.1,75,[苏联] 尼·诺索夫   昌茂,中国少年儿童出版社   1984年9月   1.20元
小王子,8.9,113,（法）圣埃克苏佩里   张小娴,湖南文艺出版社   2015-6   32.00
橙色童话,9.0,117,【英国】安德鲁·朗格   傅定邦,少年儿童出版社   1996年1月第1版   20.00元
StuartLittle,7.8,131,E. B. White,Puffin   2007-7   86.00元
猫女咪妮,8.1,144,[荷兰]安妮·M·G·施密特   李剑敏,上海译文出版社   2009.7   21.00元
吉卜林动物小说,9.0,30,[英]罗德亚德·吉卜林   文美惠,上海文艺出版社   1999-02-01   7.00元
暴风雨之夜/翡翠森林狼和羊第1册:《暴风雨之夜》,8.7,138,木村裕一 作、阿部弘士 画   彭懿,万卷出版公司   2009-1   25.00元
舒克贝塔德国游,9.1,88,郑渊洁,二十一世纪出版社   2007-7   14.80元
苏斯博士最经典童书:第一辑、第二辑,9.0,50,(美)苏斯博士   馨月,现代出版社   2010年9月   176.00元
一起去远方,8.8,47,荷香,重庆大学出版社   2011-1   24.00元
凯迪克与凯特·格林威图画书精选集,9.0,69,[英]伦道夫·凯迪克、[英]凯特·格林威   屠岸、张璐诗、尹晓冬、徐泓、郭心朵、武霖,连环画出版社   2012-6   228.00元
我也曾如你般天真:爱上一个人你会长大||失去一个人你会成熟,8.1,79,林一苇,中信出版社   2012-11   32.00元
孙小圣和猪小能:中华当代童话新作丛书,9.2,82,周锐,江苏少年儿童出版社   1993年11月   5.00
轻轻公主:小书房经典儿童文学作品译丛,8.9,57,(英)乔治·麦克唐纳   漪然,人民邮电出版社   2006-4-1   13.80
少年小树之歌,9.2,254,（美）卡特   姚宏昌,浙江文艺出版社   2005-1-1   18.00
夜莺:安徒生童话全集之三,8.9,1297,(丹麦)安徒生   叶君健,上海译文出版社   1978年6月   0.39元
非洲童话,9.0,32,董天琦,上海文艺出版社   1987   8.30
Coraline,8.7,218,Neil Gaiman,William Morrow Paperbacks   2006-8-29   USD 12.99
爱死你,8.5,1117,江南 著、鞋垫 绘,华文出版社   2003-4   19.80元
逃家小兔,8.9,1578,文 玛格丽特·怀兹·布朗、图 克雷门·赫敏   黄迺毓,少年儿童出版社   2005年5月第1版   21.80元
谁也不知道的小小国,8.6,92,（日）佐藤晓   朱自强,接力出版社   2004-10-1   16.00元
虎皮猫，你在哪里:笑猫日记6,8.7,662,杨红樱,明天出版社   2007-4   15.00元
柳树下的梦:安徒生童话全集之六,9.3,405,(丹麦)安徒生   叶君健,上海译文出版社   1978年6月   0.43元
塔顶上的猫:笑猫日记2,8.5,587,杨红樱,明天出版社   2006-5   15.00元
小猫出生在秘密山洞:笑猫日记8,8.7,748,杨红樱,明天出版社   2008-4   15.00元
愿望潘趣酒:双桅船经典童书,8.7,72,（德）恩德   王佩莉,少年儿童   2005-7   13.80元
彼得·潘,9.0,113,James Matthew Barrie、詹姆斯·巴里   梁实秋,臺灣商務印書館   民國74年   新台幣拾貳元
阿巴拉岛,8.9,208,（美）克里夫・巴克   马爱农,接力出版社   2005-01   39.00
一百条裙子,8.2,227,（美）埃斯特斯   袁颖,新蕾出版社   2009-2   12.00元
灰姑娘:凯迪克大奖绘本系列,8.5,32,(美)马西娅·布朗 改写 图   彭懿、杨玲玲,贵州人民出版社   2009年06月   26.80元
TheJungleBook,8.2,28,Rudyard Kipling,Wordsworth Editions Ltd   1998-1-5   39.00元
作为神话的童话/作为童话的神话,7.5,16,[美] 杰克·齐普斯   赵霞,少年儿童出版社   2008年12月   30.00
海蒂:阿尔卑斯山的少女,9.2,741,约翰娜·斯比丽,海豚出版社   2006年09月   18.00元
妖精森林,8.1,327,早坂真纪,上海译文出版社   2005-5   10.00元
爱拉与洞熊族:石器时代·爱拉传奇系列,9.0,33,(美)琼·奥尔   张帆,作家出版社   2013-1   33.00元
严文井童话寓言集,9.2,45,严文井,人民文学出版社   1982-5   3.05
吵闹村的孩子,9.4,130,（瑞典）林格伦   李之义,中国少年儿童出版社   2002-05   20.50
兔子坡,8.1,147,罗素   陈诗纮,新蕾   2004-5-1   13.00元
兔子剧团之夜,8.9,181,(日)安房直子 文、(日)味户桂子 图   彭懿,少年儿童出版社   2009年6月   18.00元
尼姆的老鼠:全球儿童文学典藏书系,9.1,44,(美)罗伯特·奥布赖恩   贾淑勤,湖南少年儿童出版社   2008年5月   16.50元
三个强盗,8.5,701,汤米·温格尔   张剑鸣,少年儿童出版社   2006-7   32.80元
爱丽丝梦游仙境,8.6,102,商务,商务印书馆   2005-11   12.0
黑兔和白兔,8.9,363,[美]加思•威廉斯   彭懿,南海出版公司   2008-5   36.80元
TheWizardofOz,8.7,126,L. Frank Baum,North-South Books   1999-01-23   USD 19.95
疯丫头马迪根,9.2,112,（瑞典）林格伦   李之义,中国少年儿童出版社   2002-05   24.50
TheHappyPrinceandOtherTales,9.2,97,Oscar Wilde,Everyman's Library   1995-10-10   USD 15.00
岁月是贼:竹久梦二童画童话,7.8,246,(日)竹久梦二   袁丽,时代文艺出版社   2012-6   28.00元
水仙月四日:宫泽贤治童话文集②,9.0,103,[日] 宫泽贤治   周龙梅,少年儿童出版社   2003-5   17.00元
北风遗忘的手绢:夏洛书屋美绘版,8.0,13,[日] 安房直子   彭懿、周龙梅,上海译文出版社   2016-4-20   45.00元
玛丽阿姨回来了,8.9,118,帕·林·特拉芙斯   任溶溶,明天出版   2005-7   18.5
公主的童话情结,0,10,,玛西娅·格拉德   2011-3   30.00元
紫丁香街的帽子屋,8.9,127,(日)安房直子   汪俊文,少年儿童出版社   2011-4   17.00元
尘封160年的格林童话,7.7,87,格林兄弟、刘焱   刘焱,民族出版社   2004-8-1   25.00
黄瓜国王,7.8,36,(奥地利)克里斯蒂娜·涅斯玲格 著、(奥地利)尤塔·鲍尔 绘   赵燮生,明天出版社   2010年6月   18.00元
皮皮鲁和舒克贝塔,8.9,321,郑渊洁,二十一世纪出版社   2006-1   13.80元
吹口琴的蓝特尔:花木马绘本坊,9.3,25,(美)罗伯特·麦克洛斯基 文 图   崔维燕,二十一世纪出版社   2012-8   36.00元
王尔德童话:我的第一本世界文学名著,8.9,132,（英）奥斯卡·王尔德   王林,２１世纪出版社   2008-09   13.00元
小狐狸买手套,8.6,153,(日)新美南吉   周龙梅、彭懿,贵州人民出版社   2008-06-01   10.00元
杉,8.6,32,李想   上海人民出版社,世纪文睿   2014-2   30.00
月亮，生日快乐,8.5,589,法兰克·艾许   高明美,少年儿童出版社   2006-2   25.80元
北风的背后,8.5,82,（英）麦克唐纳   杨艳萍,广西师范大学出版社   2002-09   19.80
皮皮鲁和活车,8.8,501,郑渊洁,二十一世纪出版社   2006-1   13.80元
鲁西西全传:給女孩子看的童话,9.2,885,郑渊洁,四川少年儿童出版社   1988年2月   2.84元
童话学ABC,0,10,赵景深,上海书店   1990.12   2.10
快乐王子,9.2,407,（爱尔兰）奥斯卡·王尔德   王林,译林出版社   2008-10   20.00元
严文井童话,8.8,25,严文井,湖南少年儿童出版社   1985   1.00
黄书包,8.5,19,（巴西）Lygia Bojunga Nunes   蔚玲,河北少年儿童出版社   2002-9   6.80
爱尔兰经典童话,0,10,[澳] 约瑟夫·雅各布斯   张群 等,人民文学出版社   2015-11   24.00元
睡前故事（全10册）,0,10,小红花图书工作室,新时代   2012-1   20.00元
母亲的故事:安徒生童话全集之五,9.3,125,(丹麦)安徒生   叶君健,上海译文出版社   1978-6   0.40元
安徒生童话全集,9.1,61,[丹] 安徒生   叶君健,清华大学出版社   2010-1   149.00元
石头汤:新经典文库,8.6,590,(美)琼·穆特 文 图   阿甲,南海出版公司   2007-6-1   25.00元
Coraline,8.5,123,Neil Gaiman,HarperCollins   2012-4-24   USD 6.99
女孩子必读的100个公主故事,8.9,50,本社,人民邮电   2007-1   58.00元
Q女王的魔法,9.3,22,郭明志,少年儿童出版社   1982   0.29
皮皮鲁逃往雅典娜,8.5,214,郑渊洁,二十一世纪出版社   2006-7   13.80元
怪医杜里特的故事1:杜里特在猴子国，杜里特的邮政局，杜里特海上历险记,8.6,110,休·洛夫廷   梁家林,太白文艺出版社   2008-4   29.80元
出卖笑的孩子,8.6,177,[德国] 詹·克吕斯   李墉灿,少年儿童出版社   1997-11   15.80元
波丽安娜:1910-1930风靡上海贵族女校的英文读物,8.7,301,埃莉诺・霍奇曼・波特,中国社会科学出版社   2003-10-1   25.8
能闻出孩子味儿的乌龟:笑猫日记4,8.7,555,杨红樱,明天出版社   2007-04   15.00元
TheNightingaleandtheRose,9.4,113,Oscar Wilde、Freire Wright、Michael Foreman,"Oxford University Press, USA   1981-12-01   USD 14.95"
阿信坐在云彩上,8.9,46,(日)石井桃子   梅韬,少年儿童出版社   1958，1980重印   0.32
麦兜麦唛系列:限量珍藏版附赠麦兜手机贴纸,9.1,199,谢立文,接力出版社   2002年12月1日   143.2
309暗室,8.8,1483,郑渊洁,学苑出版社   2004-2-1   15.00
格林童话II,8.4,36,[英]菲利普·普尔曼   文泽尔,湖南人民出版社   2013-11   34.00元
奇妙的数王国:最新版,8.6,57,李毓佩,中国少年儿童出版社   2002-01   11.00
一百个中国孩子的梦(上中下),9.3,67,董宏猷,二十一世纪出版社   1998-05   15.00
没有东西送给你,9.4,58,"麥當諾  McDonnell, Patrick   陳柏伶",格林文化事業股份有限公司   2006   300 TWD
小夏蒂,9.6,43,(瑞士)约·斯比丽、（瑞士）玛·台维斯插画   陈伯吹,少年儿童出版社   1984-05   0.88
笑猫日记（超值本）,8.0,132,,杨红樱   贵州人民出版社   2006.8
皮皮鲁和超能智齿（下）,8.4,93,郑渊洁,二十一世纪出版社   2008-5   14.00元
七条龙,9.1,27,(英)伊迪丝·内斯比特   漪然,人民邮电出版社   2006-4-1   16.80
鲁西西和龙珠风波,8.6,124,郑渊洁,二十一世纪出版社   2008-3   14.00元
小王子手稿画传版,9.1,223,圣·埃克苏佩里(Exupery.S.)、让·皮埃尔·雷诺、雷罗姆·帕纳德,汪梅子   2011-1   29.80元
深夜小狗神秘事件,8.3,1597,〔英〕马克•哈登 Mark Haddon   印姗姗,南海出版公司   2011-3-1   28.00元
永远说不完的童话,9.1,59,(德国)米切尔·恩德著   何珊,二十一世纪出版社   2004-9-1   16.00
玻璃孔雀:世界名著金库,9.2,52,依·法吉恩   傅定邦,少年儿童出版社   1998-12-01   12.70
巧克力天使:—巧克力天使,8.8,31,(日)小川未明   周龙梅、彭懿,新星出版社   2012-8   25.00元
阿米:愛的文明,9.1,133,安立奎.   趙德明,大塊   2005年05月30日   NT$ 250
7号梦工厂:绘本博物馆大师经典系列,9.2,550,(美)大卫·威斯纳,浙江少年儿童出版社   2008-09-01   29.80元
亲爱的笨笨猪,8.1,109,杨红樱,作家出版社   2004-05   13.00元
请在星光尽头等我,8.0,119,亚历士•罗维拉、弗朗西斯科•米拉雷斯   颜湘如,万卷出版公司   2013-1   29.00元
英国玫瑰,7.4,138,[美]麦当娜   黄韦君,辽宁教育出版社   2003-09   24.50
风之王,8.8,151,【美】玛格莉特.亨利   赵永芬,新蕾出版社   2006－6－1   12.00
忽至森林深处:奥兹作品,7.6,166,(以色列)阿摩司·奥兹   钟志清,译林出版社   2012-12   20.00元
向達倫大冒險全集,8.1,26,"Shan, Darren   皇冠文化出版有限公司   2005",03 25   2388 TWD
看得见风的男孩,7.3,268,C.W.尼可   吴成伟,新世界出版社   2007-5   25.00元
火鞋与风鞋,8.7,109,乌尔苏娜·韦尔芙尔   陈俊,二十一世纪出版社   2002-08   8.00
《365夜故事》图画本,9.8,60,朱延龄,少年儿童出版社   1989.5   20
孔雀石箱,9.2,59,(苏)巴若夫   李俍民,人民文学出版社   1980.1   1.55元
坎特维尔的幽灵,8.4,70,奥斯卡.王尔德,外文出版社   2002-1-1   5.00
极品笨妖怪2-神秘原野,7.6,16,奇联欢,中国少年儿童出版社   2015-9   13.00元
蜡笔王国童话,9.8,35,(日)福永令三   孟英、李景芳,接力出版社   1994年4月   25元
大侦探小卡莱,9.1,173,（瑞典）林格伦   李之义,中国少年儿童出版社   2003-01   29.50
丽塔和小东西的圣诞节,9.1,24,胡月,农村读物出版社   2011-1   14.80元
HumptyDumptyandothernurseryrhymes:HUMPTYDUMPTYANDOTHERUNRSERYRHYMESBOOK&CD,8.9,100,,Ladybird Books Ltd   2004-9-1
奇奇怪怪国:中国童话百家,8.7,61,裴慎勤,中国少年儿童出版社   1993   5.90
皮皮鲁压缩人生7天,8.5,212,郑渊洁,二十一世纪出版社   2007-03-01   13.80元
装在口袋里的爸爸·爸爸变小记,7.2,24,杨鹏|绘画:郑凯军,春风文艺   2009-1   17.00元
以撒辛格童话,9.0,18,（波）以撒辛格   刘守仪、周兰,希望出版社   2004-8-1   32.00元
TheTaleofPeterRabbit,8.4,202,Beatrix Potter,Warne   2002-3-7   USD 6.99
好运泉:双猫舍丛刻之：好运泉,9.4,18,J.K Rowling   Lewis Eden,Twin Kitten Studio   2009   49美元
两百年的孩子,6.9,705,[日]大江健三郎   许金龙,百花文艺出版社   2007-9   28.00元
来自矮人国的小兄妹:当代欧美畅销儿童小说,8.3,248,瓦尔特.莫尔斯(德)   王泰智 沈惠珠译,人民文学出版社   2002-05   19.80
猫和少年魔笛手,8.8,96,特里·普拉切特   周莉,人民文学出版社   2005-8   24.00元
我和小姐姐克拉拉:彩乌鸦系列,8.8,280,迪米特尔·茵可夫   陈俊,二十一世纪出版社   2005-09-01   8.80元
我要把我的帽子找回来:我要把我的帽子找回来,8.8,197,(加拿大)乔恩·克拉森 文 图   杨玲玲、彭懿,明天出版社   2012-5-25   32.80元
糖果色童话+：大孩子的森系绘画小诗篇,0,10,夏鹿,中国青年出版社   2015-6   49.90元
鼹鼠原野的小伙伴,9.6,21,(日)古田足日   安伟邦,中国少年儿童出版社   1981   0.30
怪老头儿随想录:红蜻蜓少年随笔丛书,9.6,27,孙幼军,湖北少年儿童出版社   1999年09月   15.00
水仙月四日,9.1,89,宫泽贤治、周龙梅   周龙梅,"少年儿童出版社,上海译文音像出版社   2005-4-1   25.00元"
月亮，你好吗,8.7,370,安德烈·德昂   简媜,河北教育出版社   2007年11月   29.80元
世界童话精选:儿童外国文学精选本,9.8,40,任溶溶等,上海译文出版社   1994-7-1   16.80
极品笨妖怪1-奇幻岛屿,7.4,71,奇联欢,中国少年儿童出版社   2015-2   15.00元
舒克贝塔和老鼠报,9.1,85,郑渊洁,二十一世纪出版社   2007-7   14.80元
浪漫鼠德佩罗,7.9,171,(美)凯特·迪卡米洛   王昕若,新蕾出版社   2005-5   19.80元
森林报-春:春,8.3,164,(苏联)维·比安基   王汶,二十一世纪出版社   2007年10月   12.00元
当鸭子遇见死神:鸭子、死神和郁金香,9.0,134,(德)沃尔夫·埃布鲁赫 文 图   陈科慧,新蕾出版社   2013-9   29.80元
小猫玫瑰,8.3,206,文 皮欧特·魏尔康、图 约瑟夫·魏尔康   陶纬,少年儿童出版社   2006年9月   28.80元
AndTangoMakesThree,9.1,27,Justin Richardson、Peter Parnell,Simon & Schuster Books   2005   $15.99
香草女巫,8.3,125,艾弗琳娜·哈斯勒,二十一世纪出版社   2005-9   8.80元
钢琴小精灵:—钢琴小精灵,8.6,32,(德国)洛特·金仕可菲   郑高凤,新蕾出版社   2009-1   12.80元
皮皮鲁和肥皂订书机,8.7,158,郑渊洁,二十一世纪出版社   2007-3   13.80元
两个小路特:国际安徒生奖作家作品选,9.3,95,(德)克斯特纳   黄传杰,中国少年儿童出版社   1981   0.35
我能打败怪兽:不一样的卡梅拉6,8.9,516,(法)克利斯提昂.约里波瓦、文、克利斯提昂·艾利施、图   郑迪蔚、漪然,二十一世纪出版社   2006-09-01   6.8
TheWindintheWillows,9.3,41,Kenneth Grahame,Wordsworth Editions Ltd   1998-04-01   20.0
白雪公主,8.5,211,（德）格林兄弟,北京燕山出版社   2001-12   16.00
穿越夜空的疯狂旅行,8.1,89,（德）莫尔斯   朱显亮,人民文学出版社   2005-01   20.00
小狐狸阿权:经典童书权威译本,9.1,35,（日）新美南吉   彭懿、周龙梅,长春出版社   2009-7-1   16.00元
幸福来临时,8.6,107,米亚姆·普莱斯勒   佘葆青,新蕾   2005-1   16.00元
“下次开船”港,9.0,43,严文井,湖北少年儿童出版社   2006-1   18.80元
神奇女生祝如愿,8.5,301,,郁雨君   2008-5   16.00元
我想有个弟弟:不一样的卡梅拉3,9.1,601,（法）约里波瓦  著，（法）艾利施  绘，郑迪蔚，漪然  译   郑迪蔚,二十一世纪出版社   2006-9   6.80元
皮皮鲁总动员之舒克贝塔系列礼品盒装(共6册）,9.5,59,郑渊洁,二十一世纪出版社   2007-7   88.80元
世界童话画库（1－6册）,9.7,74,严文井 主编,山东友谊出版社   1988   26.50元
神秘的楼梯-野蔷薇村的故事:野蔷薇村的故事,9.6,23,[英]吉尔·巴克莲   傅海燕、张玉平,明天出版社   2007年7月   8.50元
木民爸爸海上探险记:世界奇幻文学大师精品系列,8.9,95,托芙·扬松   任溶溶,明天出版社   2004-4   15.00元
比得兔的世界,9.6,37,Beatrix Potter   吴青,中国少年儿童出版社   2004-4   358.0
海的女儿,9.2,204,（丹）安徒生 著，（澳）莉丝白・茨威格 绘   季颖,上海辞书出版社   2005-03   22.00元
世界上最美的图画书:我,8.7,90,[德] 菲利普·韦希特尔(Philip Waechter)   赵远虹,新蕾出版社   2007-1   18.00元
帅狗杜明尼克,8.2,100,(美)威廉·史代格 著 绘   赵永芬,新蕾出版社   2008-5   14.00元
给孩子们的故事,7.8,12,(美)艾·巴·辛格   任溶溶,二十一世纪出版社   2014-7   25.00元
在海拔壹万叁仟米的地方:成人童话,7.7,226,李果,新星出版社   2006年11月   49.80
苹果地里的特别列车,9.0,309,柏叶幸子、平井贵子   韩小龙,21世纪出版社   1999-8   10.20
飞马牌汽车,8.7,525,郑渊洁,学苑出版社   2005-2   12.00元
我爱小黑猫:不一样的卡梅拉5,9.0,518,(法)克利斯提昂.约里波瓦 文、(法)克利斯提昂.艾利施 图   郑迪蔚、漪然,二十一世纪出版社   2006-9   6.80元
傻狗温迪克,8.5,108,(美)凯特·迪卡米洛   傅蓓蒂,新蕾出版社   2006-08-01   14.00元
普希金童话诗·小驼马:世界儿童文学丛书,9.0,28,(俄)А.С.普希金、(俄)叶尔肖夫   任溶溶,人民文学出版社   1984.7   0.87元
捉猫故事集,8.4,13,Marcel Ayme   李玉民,外国文学出版社   1990.8   3.10
Alice'sAdventuresinWonderlandandThroughtheLooking-Glass:ANDThroughtheLookingGlass(PenguinClassics),8.9,60,Lewis Carroll,Penguin Classics   2003-4   GBP 6.99
我不知道我是谁:新经典文库,8.5,534,乔恩·布莱克、阿克塞尔·舍夫勒(图)   邢培健,南海出版社   2007-8   25.00元
365夜民间故事,9.7,41,"孟烈,成义,龙华编写",少年儿童出版社   1994.3   25.10
假如狐狸和兔子互道晚安:耕林文化精选绘本,8.5,51,卡尔廷·舍雷尔   陈俊,万卷   2009-8   12.80元
犟龟,8.4,192,米切尔·恩德、施吕特   何珊,二十一世纪出版社   2008-1   25.00元
Lagrammaireestunechansondouce,8.6,54,Erik Orsenna,Le Livre de Poche   2003-1-2   88.00元
纳尼亚传奇：能言马与男孩,8.1,636,[英]C.S.刘易斯   吴岩,译林出版社   2005-11   14.00元
小狗钱钱2:发掘和培养孩子的优秀品格,7.5,642,博多·舍费尔   王景楠,南海出版公司   2011-12   28.00元
怪鼠与割影刀:中华当代童话新作丛书,9.2,50,戴达,江苏少年儿童出版社   1996   12.80
少年国王传奇,9.7,22,玛丽亚·格里珀   任溶溶,安徽少年儿童出版社   1989   1.80
屎捞人·屎诗童话,8.7,765,谢立文,北京图书馆出版社   2004-6-1   15.00
两个小洛特:凯斯特纳作品精华,9.0,67,（德）埃里希・凯斯特纳   赵燮生,明天出版   1999-08-01   9.00
世界儿童文学名著名图宝典,0,10,格林兄弟	等   马爱农、苏福忠、姚翠丽、马爱新,生活·读书·新知三联书店  生活书店出版有限公司   2015-6   98.00元
六人飞行组,9.5,91,祝晓羽,中国少年儿童出版社   2003-06   15.00
走进魔法森林:格林童话研究,7.6,33,彭懿,外语教学与研究出版社   2010-2-1   35.00元
冷酷的心,8.9,42,[德]豪夫（Hauff，W.）等   杨武能,华夏出版社   2007-10-1   42.00元
门背后的秘密:日本大幻想小说,9.0,300,[日]三田村信行 著   韩小龙,二十一世纪出版社   1999-08-01   6.00元
纳尼亚传奇：黎明踏浪号,8.2,739,[英] C. S. 刘易斯 著、[英] 保利娜·贝恩斯 插图   陈良廷,译林出版社   2005-11   15.00元
王尔德童话,8.5,71,奥斯卡·王尔德,浙江少年儿童出版社   2006-8   9.50元
小熊温尼·菩,9.3,36,(英)米尔恩   潘缦怡,中国少年儿童出版社   1980-11-01   0.32
美麗城堡的禁忌傳說,6.5,74,桐生操,旗品   2000年01月12日   NT$ 199
黑猫尼诺,8.2,215,[德] 海邓艾希 文、布赫兹 图   肖素弟,中国轻工业出版社   2005-2   18.00元
上帝的火柴:用安徒生童话点亮心灯,8.2,39,,齐宏伟   陕西师范大学出版总社   45
酷蚁安特儿,8.0,26,霞子,中国少年儿童出版社   2006   18.0
邋遢大王奇遇记:《动画大王》丛书,9.0,985,凌纾 编文、阎善春、马克宣、常光希、刘泽岱 绘画,上海人民美术出版社   1986-3   0.62
没有耳朵的兔子,8.9,101,(德)克劳德•鲍姆加特、(德)蒂尔•施威格   王星,接力出版社   2011-2   18.00元
王尔德童话集,9.0,71,王尔德,外语教学与研究出版社   1981   0.40元
舒克贝塔和歌唱家,9.2,113,郑渊洁,二十一世纪出版社   2007-7   14.80元
菲斯的秘密,9.0,33,(法)简·弗朗西丝·夏伯丝、绘画：布莱恩·克里斯托弗   鲁蕾,新蕾出版社   2008-09-01   16.00元
冰箱里的企鹅:启发童话小巴士,7.9,21,(日)竹下文字 著、(日)铃木守 绘   林文茜,河北教育出版社   2012-11   15.80元
动物绝对不应该穿衣服:海豚绘本花园系列,8.3,1360,（美）茱蒂·巴瑞特（文）、（美）罗恩·巴瑞特（图）   沙永玲,上海人民美术出版社   2008-01   12.00元
玫瑰与戒指,7.2,10,[英] 萨克雷   何雁,甘肃人民出版社   1984-12   0.74元
世界童话名著精选,10.0,48,,江苏少年儿童出版社   1991   18.00
TheAnnotatedAlice:TheDefinitiveEdition,8.1,18,Lewis Carroll、Martin Gardner,W. W. Norton & Company   1999-11-17   USD 35.00
魔法手指:罗尔德·达尔作品典藏,8.4,114,(英)罗尔德·达尔 著、(英)昆廷·布莱克 绘   代维、任溶溶,明天出版社   2009-3   11.00元
鼹鼠的故事:鼹鼠和伙伴们,9.0,36,兹德内克·米莱尔   陈俊,接力   2009-12   15.00元
吹牛大王奇游记,9.1,51,（德）埃·拉斯伯   刘 浩,少年儿童出版社   1996-03-01   10.70
舒克贝塔航空公司,9.3,91,郑渊洁,二十一世纪出版社   2007-7   14.80元
安徒生童话精选（共六册）,8.7,1173,[丹] 安徒生,河北教育出版社   2002-6   48.00元
皮皮鲁和红沙发音乐城,8.8,264,郑渊洁,二十一世纪出版社   2007-3   13.80元
美丽的梦想,8.7,46,米歇尔.邵伯   陈宝,新疆青少年出版社   2008-6-1   28.00
皮皮鲁遥控老师,8.6,186,郑渊洁,二十一世纪出版社   2007-3   13.80元
蜗牛快递,8.8,155,熊亮、熊磊、邹春燕   邹春燕,中国人民大学出版社   2003-8-1   16.80
浮生五记:任溶溶看到的世界,8.2,35,任溶溶,上海译文出版社   2012-10   39.00元
绿野仙踪全集之三,9.7,154,（美）鲍姆   孙予等,上海译文出版社   1992   6.00
丰子恺童话,8.3,155,丰子恺,广西师范大学出版社   2004-3-1   12.00
阁楼的秘密:日本大幻想小说,8.8,244,松谷美代子,二十一世纪出版社   1999-08-01   8.30元
穿靴子的猫:《蓝仙女》童话故事集,7.9,18,[英]安德鲁·兰   郑大民等,上海译文出版社   1992   3.55
一百个中国孩子的梦,8.4,74,董宏猷,湖北少年儿童出版社   2006-1   29.80元
黑猫警长05:娘舅吃猫鼠,6.7,431,诸志祥、冰遥、范马迪、叶歌,中国电影出版社   1992-06   1.20元
魔法小仙子,7.7,35,晓玲叮当,二十一世纪出版社   2007-1   11.80元
踩着面包走的女孩:安徒生童话全集之九,8.9,286,(丹麦)安徒生   叶君健,上海译文出版社   1978年6月   0.35元
TuckEverlasting:真爱无尽,8.6,45,Natalie Babbitt,"Farrar, Straus and Giroux (BYR)   1985-11-01   USD 5.95"
飞毯侦探斯文唐:外国现·当代童话名著丛书,9.8,49,[瑞典]奥盖·赫姆贝里   高 锋、时 红,中国少年儿童出版社   1994-2-25   4元
魔法小仙子-天使的铃铛,7.8,21,晓玲叮当,二十一世纪出版社   2006-10   11.80元
西游新记:智慧树科学文艺丛书,8.8,173,童恩正,新蕾出版社   1985年4月   1.10元
郑渊洁中篇童话选,9.0,131,郑渊洁,学苑出版社   2002-6-1   41.00
巧克力味的暑假/阳光姐姐小书房:O(∩_∩)O,8.5,988,伍美珍,123   2009-5   16.00元
安徒生童话故事全集·春:插图本,9.2,72,安徒生,第1版 (2005年8月1日)   2004-11   24.8
TheOriginalFolkandFairyTalesoftheBrothersGrimm:TheCompleteFirstEdition,0,10,Jacob Grimm、Wilhelm Grimm   Jack Zipes,Princeton University Press   2014-10-19   USD 35.00
皮皮鲁保卫叛逆者,8.8,150,郑渊洁,二十一世纪出版社   2006-7   13.80元
彼得潘,8.7,508,[意] 里塞娜·莎波罗 编   蔡如茵,21世纪出版社   2001-10   6.80元
蛇山的爱子:日本大幻想小说,8.8,186,古田足日,二十一世纪出版社   1999-08-01   9.40元
猫头鹰王国(4围攻),9.1,26,凯瑟琳·拉丝基   姜玉雪,湖北少年儿童出版社   2010-1   21.80元
镜子与永无岛,7.9,13,[美]凯伦•科茨   赵萍,安徽少年儿童出版社   2010-1   16.00元
海蒂:阿尔卑斯山的少女,8.6,52,【瑞士】斯佩丽   王书清、罗晓风,中国文艺联合出版公司   1984年12月第1版   1.20元
木民谷的彗星,9.0,101,托芙・扬松   徐朴,明天出版社   2004-4-1   13.50
不能得罪的樱树,8.8,56,络绎,译林出版社   2013-11-1   28.00元
小幽灵:彩乌鸦系列,8.3,116,奥得弗雷德·普鲁士勒   吴裕康,二十一世纪出版社   2005-9   8.50元
土拨鼠日记,9.0,74,,桑丘   2009-1   16.00元
卖火柴的小女孩,8.8,86,（丹）安徒生 著，（日）黑井健 绘   季颖,上海辞书出版社   2005-03   20.00
俄罗斯童话,8.3,30,阿法纳西耶夫   沈志宏、方子汉,人民文学出版社   2007-7   17.00元
小精灵画传（全十册）,9.6,51,王培堃,陕西人民美术出版社   2011-4   88.00元
一个叫窦唯de孩子,7.0,127,林一苇,江苏文艺出版社   2007-4   16.00元
阳光姐姐魔法书小魔女蓝小鱼,7.9,60,伍美珍,浙江少儿   2008-5   15.00元
克雷洛夫寓言,7.8,213,克雷洛夫   辛未艾,上海译文出版社   2007-3   10.00
毛绒绒的逻辑·存在,8.6,343,简・西布鲁克   卢茵,希望出版社   2004-09   20.00
蝴蝶狮,7.8,242,(英)麦克·莫波格   幸佳慧,新世界   2007-1   19.80元
如今你的世界永远是黑夜,6.9,26,[法]马蒂亚斯·马吉尔   许方,浙江文艺出版社   2015-5   19.00元
史努比全集（全25册）,9.3,579,[美] 查尔斯·舒尔茨,希望出版社   2002-10   800.00元
法国童话选,9.6,62,贝洛   倪维中、王晔,外国文学出版社   1981-4   1.70元
那年夏天四叶草,8.2,40,贵图子,现代出版社   2013-4-1   27.00元
波莉安娜,8.4,573,[美] 埃莉诺·霍奇曼·波特   宋芳、张元婷,内蒙古人民出版社   2002-10   20.00元
WINDINTHEWILLOW柳林风,8.6,26,,25.00
绿拇指男孩,9.0,84,杜恩（法） Maurice Druon   甄大台,新蕾出版社   2008-4   14.00元
列那狐传奇:法国名作家青少年文学名著,8.8,74,（法）冀罗夫人   倪维中,中国文联出版社   1999-07   19.5
吃噩梦的小精灵,8.1,125,米切尔·恩德,二十一世纪出版社   2005-5   14.0
格林童话:外国儿童文学丛书,9.5,234,（德国）格林兄弟   魏以新、张威廉   少年儿童出版社,1985 8   1.30元
再见零,9.4,28,童喜喜   沈苑苑,中国少儿   2008-1   15.00元
不不园,8.4,91,中川李枝子、大村百合子   朱自强,接力出版社   2004-11-1   14.80元
格林童话全集,0,10,[德] 格林兄弟   魏以新,人民文学出版社   2015-6   39.00
遗失翅膀的天使:THEICARUSGIRL,7.6,130,海伦·奥耶耶美HELEN OYEYEMI   马渔,上海人民出版社世纪文学出品   2009   20.00元
奥当女孩,7.1,64,虹影 著、(英)切丽·登曼 图,(英)尼克·史密斯 英译   贵州人民出版社   2014-8
十一月的木民谷,8.9,131,托芙・扬松   徐朴,明天出版社   2004-4-1   13.00
酷蚁安特儿历险记,7.7,19,霞子,中国少儿   2008-6   19.80元
小王子2(中英文对照彩色版),8.4,166,安东·德·圣艾修伯里、Antoine de Saint-Exupéry,延边人民出版社   2003-1-1   19.80
我是霸王龙,9.1,1470,宫西达也   杨文,北京少年儿童出版社   2004-06   8.00
会讲故事的魔法椅子,0,10,Frances Browne,唐小茹   知识产权出版社   28
布伦迪巴:囚笼里的自由之花,7.2,17,刘耀辉,青岛出版社   2015-7-1   32
小王子:小王子·B612星球臻美笔记本,8.3,27,圣埃克苏佩里   许研,江苏人民出版社   2016-4-1   68.00元（布面精装全2册，含1册布面订制笔记本）
波利安娜:波利安娜,9.4,45,(美)埃莉诺·霍奇曼·波特|译者:史凯   史凯,北京科技   2010-1   22.00元
ANDERSEN＇SFAIRYTALES,8.8,33,Hans Christian Andersen,Wordsworth   1998-4   20.0
星语者:看得见星星的店,9.0,75,Chiya 绘、柯晗、易莎 编文,湖南美术出版社   2013-11   32.00元
童话选,9.3,69,叶圣陶、郭沫若、巴金、严文井、鲁兵、叶永烈 等,上海教育出版社   1978-10   1.60元
別的國家都沒有,9.3,296,陳志勇 (Shaun Tan),格林文化事業股份有限公司   2009-1-22   380 TWD
棒棒老师系列,7.7,22,段立欣,吉林美术   2009-1   15.80元
白雪公主和七个小矮人,8.4,108,[美] 兰德尔·贾雷尔 文、[美] 南希·埃克霍尔姆·伯克特 图   马景贤,河北教育出版社   2010-4   29.80元
海盗的女儿（上下册）:—海盗的女儿,7.5,14,许敏球,中国少年儿童出版社   2013-4   38.00元
小恩的秘密花园:启发精选国际大师名作绘本,9.0,328,文：[美]萨拉·斯图尔特、图：[美]戴维·斯莫尔   郭恩慧,河北教育出版社   2007-11   29.80元
黑玫瑰的七个魔法,8.8,271,(日)末吉晓子著,21世纪出版社   1999-8   9.00
皮皮鲁和机器猴,8.7,142,郑渊洁,二十一世纪出版社   2006-7   13.80元
18个童话女孩子,9.2,70,,安徒生   1998-9-1   16.00
屎捞人·浮屎若梦,8.6,802,谢立文 著 梁智添 画,北京图书馆出版社   2004-06   15.00
向着明亮那方,9.0,695,(日)金子美铃   吴菲、插图：苏打、策划：金莹,新星出版社   2007-1   20.0
彩色世界童话全集-第一辑,9.1,19,,新世界出版社   2012-3   120.00元
北风的背后,8.7,55,乔治·麦克唐纳   任溶溶,春风文艺出版社   2004-1   19.80元
每一次相遇都是一粒种子,8.2,67,,关漓 著、卷子 绘   中国华侨出版社   2013-7
【鲁莫与黑暗中的奇迹】一只沃泊亭格的诞生:鲁莫与黑暗中的奇迹,0,10,瓦尔特·莫尔斯   朱刘华,正中書局   2005-11-1   119.60元
涡堤孩:水之精灵的爱情,7.3,31,(德)莫特·福凯 著、(英)亚瑟·拉克姆 绘   徐志摩,时代文艺出版社   2012-9   48.00元
要是你给老鼠吃饼干,8.7,663,费利西亚·邦德图劳拉·乔菲·努梅罗夫,少年儿童出版社   2005-8   25.8
绿狗山庄:笑猫日记13,8.4,127,杨红樱,明天出版社   2011-1   15.00元
兔子的12个大麻烦,9.3,86,(英)埃米莉·格雷维特 文 图   代冬梅,二十一世纪出版社   2012-5   63.00元
嘭嘭嘭,9.1,63,童喜喜   沈苑苑,中国少儿   2008-1   15.00元
德国幽默故事精选:儿童外国文学精选本,9.3,34,(德)毕尔格等   王克澄、裴莹,上海译文出版社   1995.1   14.1
山精灵普克,7.2,65,[英] 鲁迪亚德·吉卜林   刘仲敬,广西师范大学出版社   2015-9-15   CNY 38.00
写给孩子们的故事:大作家小童书,0,10,[美]E.E.肯明斯  著、[巴西]古阿泽利  绘   王梅,人民文学出版社   2016-4   20.00元
我去找回太阳:不一样的卡梅拉4,9.0,533,(法)克利斯提昂.约里波瓦 文、(法)克利斯提昂.艾利施 图   郑迪蔚,二十一世纪出版社   2013-6   6.80元
陶奇的暑期日记,6.8,27,冰心 著、李天心 绘图,少年儿童出版社   1956年5月   0.22元
安徒生童话全集-全四卷,9.8,23,汉斯·克里斯蒂安·安徒生   廖梦竹,天津教育出版社   2009-10   128.00元
智慧小孩做得到:让孩子的人生起点，从此与众不同,9.3,31,奥利弗•杰弗斯   漪然,明天出版社   2009   67.60
亲爱的汉修先生:纽伯瑞儿童文学金牌奖,8.8,310,（美）贝佛莉・克利林   王孟�,中国少年儿童出版社   1998-08   6.60
小鱼散步,8.6,63,陈致元 文 图,明天出版社   2010-11   31.80元
敏豪森奇游记:敏豪森奇游记,8.5,22,拉斯伯   邵灵侠,浙江少年儿童出版社   2004-7-1   7.00
飞吧.乔舒亚!-与神对话的乌鸦,7.3,306,[英] 克里斯托弗•福斯特   蒋玉洁,天津教育出版社   2009年08月   22.00元
令人戰慄的恐怖世界童話與童謠,5.5,125,王聰霖,八方   2011-6-9   NT$280
魔女宅急便2:新经典文库,8.3,94,(日本)角野荣子 著、(日本)广野多珂子 绘   蔡春晓,南海出版公司   2008-3   20.00元
黄色童话,9.1,278,[英国] 安德鲁·朗格   濡弋、蔡北国 等,少年儿童出版社   1991-12   20.80元
故宫里的大怪兽-御花园里的火车站:御花园里的火车站,9.2,39,常怡,知识出版社   2015-9-16   20
冰姑娘:安徒生童话全集之十一,9.0,161,(丹麦)安徒生   叶君健,上海译文出版社   1978年6月   0.49元
飞翔的教室:凯斯特纳作品精华,8.7,57,（德）埃里希・凯斯特纳   赵燮生,明天出版社   1999-08-01   10.00
鳄鱼怕怕牙医怕怕,8.8,1941,五味太郎,少年儿童出版社   2004年10月   23.8
蛋壳里出来的奶奶,7.7,15,[捷]伊娃·普洛查兹科娃 著、[德]玛丽昂·格德尔特 绘   王泰智、沈惠珠,新蕾出版社   2011-5   14.00元
人面狮身的女子:王尔德短篇小说全集,8.6,315,[爱尔兰] 王尔德 著、[意大利] 克里斯蒂纳 图   赖慈芸,哈尔滨出版社   2002-9   19.80元
小王子堡垒,9.2,228,[法]圣艾克絮佩里   黄荭、邹琰 等译,世纪文景 上海人民出版社   2008-08   58.00元
猫儿事务所,8.0,29,(日)宫泽贤治 著、(日)黑井健 绘   周龙梅、彭懿,新星出版社   2013-8   33.80元
咬核桃小人和老鼠国王:咬核桃小人和老鼠国王,9.1,34,霍夫曼   何小超,浙江少儿   2008-5   12.00元
奥兹国的稻草人,8.6,31,弗兰克•鲍姆 (Frank Baum)、John R.Neill （绘）   肖锦银,北京联合出版社   2013-4   29.80元
圣诞节的魔法雪橇:狐狸村传奇,9.0,22,(美)辛西亚·帕特森 文、(美)布莱恩·帕特森 图   艾斯苔尔,少年儿童出版社   2010年1月   15.00元
今天运气怎么这么好,8.7,1091,(日)宫西达也 文 图   彭懿,南海出版公司   2007-6-1   22.00元
童话的魅力,0,10,麦克斯·吕蒂   张田英,社会科学文献出版社   1995-3   6.60元
黑猫警长.四:《动画大王》画库,9.6,29,诸志祥 编文、戴铁郎、范马迪、孙鞠娟、段洁 绘画,上海人民美术出版社   1991年3月   2.80元
小坡的生日,8.0,110,老舍,人民文学出版社   2000年5月1日   10.0
夏天的故事:全球儿童文学典藏书系,8.1,22,(美)珍·柏雪   张子樟,湖南少年儿童出版社   2008年5月   23.00元
小公主,9.0,1055,白涅德夫人 原著,黄得时 改写   北京出版社   1905
千代纸之春:小川未明的童话,8.6,26,(日)小川未明   王新禧,陕西人民出版社   2012-12   20.80元
“全不知”游太阳城:“全不知”三部曲,8.9,84,[苏联] 尼·诺索夫   昌茂,中国少年儿童出版社   1983年3月   0.65
狐狸的神仙,8.5,257,(日)阿万纪美子 文、(日)酒井驹子 图   蒲蒲兰,二十一世纪出版社   2007-05-01   29.80
没有尾巴的狼,7.9,110,杨红樱,作家出版社   2004-05   15.00元
春神跳舞的森林:启发精选华语原创优秀绘本,8.3,123,严淑女 文、张又然 图,河北教育出版社   2010年5月   29.80元
选择之道,5.6,583,安妮宝贝、沧月、安意如、冯唐、张悦然、李西闽、蔡骏、春树、孙睿,万卷出版公司   2009-1-1   18.00元
小房子:新经典文库,8.9,793,（美）维吉尼亚・李・伯顿   阿甲,南海出版社   2007-8   28.00元
长腿爸爸,9.5,139,(美)简.韦伯斯特   喻�琴,中国对外翻译出版公司   1988-04   10.00
爱丽丝梦游奇境,0,10,[法] 海贝卡·朵特梅 图,冷杉   山东文艺出版社   2016-2
我好想你,9.2,26,萨维勒·德活斯   柔光,四川少儿   2007-6   12.80元
乌拉波拉故事集,8.0,17,(德)柏吉尔   顾均正,中国少年儿童出版社   1979   0.31
发条钟,7.8,333,（英）菲利普·普尔曼   蔡宜容,人民文学出版社   2007-03   19.00元
灰国王:全球儿童文学典藏书系.第二辑,7.6,15,（美）苏珊•库珀   舒伟,湖南少年儿童出版社   2009年5月   18.00
郑渊洁家书,7.4,87,郑洪升,学苑出版社   2004-4   19.00元
猫头鹰王国1-暗算,8.3,94,(美)凯瑟琳·拉丝基   马爱农,湖北少年儿童出版社   2009年9月   21.80元
新美南吉童话,7.7,13,(日)新美南吉   刘迎,希望出版社   1999年1月   23.00
吃书的狐狸,8.9,155,[德] 弗朗刘斯卡·比尔曼   王从兵,北京科技   2009-5   24.80元
电话里的童话:国际安徒生奖获奖作家书系,8.6,44,贾尼·罗大里   张密、张守靖,河北少年儿童出版社   2001年05月   13.20
365夜故事（上下）,9.9,53,鲁兵 主编,少年儿童出版社   1997-3   33.60元
不一样的卡梅拉珍藏版Ⅱ,9.4,96,(法)克利斯提昂.约里波瓦 文、(法)克利斯提昂·艾利施 图   郑迪蔚,二十一世纪出版社   2009年10月   32.00元
舒克和贝塔（上篇）,9.3,911,郑渊洁,中国电影出版社   1996-06   16.00元
仙草姑娘,8.3,24,戴潍娜,新世界出版社   2014-3-1   35.00元
汤普森心理童话药书2:父母是孩子第一任心灵导师,9.2,101,琳达·汤普森,周常、祝卓宏   2012-11   38.00元
帽子里的天空,8.6,71,(英)特里·普拉切特   林晶,人民文学出版社   2005年12月   25.00
乌拉.波拉故事集:名家名译典藏书系,0,10,柏吉尔   顾均正,安徽少年儿童出版社   2009-1   18.00元
红沙发音乐城,8.8,1488,郑渊洁,学苑出版社   2004-10   10.00元
吹牛大王历险记:闵希豪生男爵的自述,0,10,(德)毕尔格   王克澄,上海译文出版社   1990-2   1.55元
路德維希革命1,8.5,4102,由貴香織里   江荷偲,東立   2005-7-11   新台币90元
神奇的玛丽阿姨:世界奇幻文学大师精品系列,8.9,81,(英)帕·林·特拉芙斯   任溶溶,明天   2005-07-01   10.00元
銀河鉄道の夜,9.4,58,宮沢 賢治   新潮社,1989 06   420 （税込）
道连·葛雷的画像快乐王子,8.9,190,[英] 王尔德   荣如德、巴金,上海译文出版社   2003-6   18.00元
春天在到来的路上:竹久梦二童话集,7.4,47,(日)竹久梦二 绘著   曾杨,天地出版社   2013-6   29.80元
环游世界做苹果派,8.7,119,(法)玛尤莉•普莱斯曼 文 图   李永怡,河北教育出版社   2009年5月   29.80元
快乐王子,8.6,22,（英）奥斯卡·王尔德   巴金,新星出版社   2015-8-1   32元
马戏团的动物明星,8.1,22,沈石溪,新蕾出版社   2001-09   14.00
亨利·休格的神奇故事:罗尔德·达尔作品典藏,7.7,25,(英)罗尔德·达尔   徐朴,明天出版社   2014-4   20.00元
鲁西西和水晶兔,8.3,69,郑渊洁,二十一世纪出版社   2008-3   14.00元
精卫鸟与女娃,8.9,35,薛涛,春风文艺出版社   2004-7-1   15.00元
遇见信天翁,7.3,21,阿顺,台海出版社   2016-7-1   36
贪玩老爸:贪玩老爸,8.3,558,杨红樱,接力出版社   2004-4   13.80元
FantasticMr.Fox,8.1,28,,"Dahl, Roald; Blake, Quentin;   2007-8   $ 18.59"
LASIA和魔法师的小花园(附盘),7.5,65,Kiki,南海出版公司   2007   22.00元
海蒂的天空,8.3,48,（美）克比·莱森   丁凡,新蕾出版社   2008-09   26.00元
于是，天使来到身边,8.6,338,Di Fer,上海译文出版社   2006.9   18.00
阿丽思中国游记,6.9,99,沈从文,南海出版公司   2000-01   16.00
勇敢的船长,7.7,22,吉卜林(英)   胡春兰 等,人民文学出版社   1999-05   8.00
拉封丹寓言诗全集,7.8,62,拉封丹   杨松河,译林出版社   2004-1-1   25.80元
大盗贼第二次出现,9.2,19,(德)奥特利特·普雷斯勒   安伟邦,河北人民出版社   1983   0.33
麦先生的旅行,8.1,462,(加)吉利斯·蒂伯 文、(加)拉克·瓦勒森 图   汪芳,江苏少年儿童出版社   2007-9   22.80元
鶴妻,9.0,31,矢川澄子，繪／赤羽末吉，譯／游珮芸,信誼（上誼）   20050205   NT$ 280
鲍尔历险记,8.5,734,郑渊洁,学苑出版社   2004-2   14.00元
沉睡的女儿:新小说家系列,8.2,111,哥舒意,人民文学出版社   2010.05   26.00元
神秘山谷:狐狸村传奇,9.5,26,(美)辛西亚·帕特森 文、(美)布莱恩·帕特森 图   艾斯苔尔,少年儿童出版社   2010年1月   15.00元
外教社德语分级注释有声读物系列A1-金发艾克贝尔特:金发艾克贝尔特,7.8,36,,2009-4   15.00元
西顿动物小说全集（全三册）,9.1,29,歇内斯特﹒汤普森,南方出版社   2003-12   78.00元
长袜子皮皮,9.3,20,林格伦、黄英浩、韩伍绘,广东人民出版社   1984.10   0.22元
屎捞人·在路途上:屎捞人系列绘本,8.6,782,谢立文,北京图书馆出版社   2004-6-1   15.00
小水精:彩乌鸦系列,8.5,93,[德]奥得弗雷德·普鲁士勒 Otfried Preußler   任庆莉、蔡鸿君,二十一世纪出版社   2005-1   8.0
我没生病:“儿童之友”系列,9.1,48,(日)角野荣子 文、(日)垂石真子 图   赵峻,南海出版公司   2010年8月   12.00元
TheMagicFinger,8.1,55,"Dahl, Roald",Puffin   2002-1   $ 6.77
Andersen'sFairyTales,8.8,25,Hans Christian Andersen   Pat Shaw Iversen,Signet Classics   2004-06   $5.95 U.S.\$8.99 CAN.
草房子,8.9,6914,曹文轩,江苏少年儿童出版社   2009-6   18.00元
沃尔夫童话集,0,10,(德)弗里德利希·沃尔夫   吴朗西,新文艺出版社   1956   0.32
记忆之歌,9.3,21,梁媛媛,九州出版社   2016-4   39.80元
ALICE'SADVENTUREINWONDERLAND,8.6,109,"CARROLL,LEWIS",KODANSHA INTERNATI   20010101   NT$ 266
喵呜,8.8,278,(日本)宫西达也   彭懿,新疆青少年出版社   20080701   28.00元
敏豪森奇游历险记,9.2,30,(德)毕格尔 著,中国妇女出版社   1997-01-01   19.00元
乐于助人的公主,9.5,65,,2009-8   15.00元
宠物猫咪鲁·杰克逊,8.7,41,(法)索菲·迪奥埃德 著、(法)瓦耐莎·黑尔 绘   边静,新蕾出版社   2009年1月   12.00元
妖湖怪谭:彭懿精灵飞舞幻想小说集,9.0,41,彭懿,凤凰出版传媒集团，江苏少年儿童出版社   2008-01   19.00元
世界又大又小:小书房绘本·童诗童画,9.0,24,童子,电子工业出版社   2010-5-1   12元
好玩!佳佳龟,8.9,101,张之路,希望出版社   2000-9-1   10.00
奇奇怪博士:葡萄园童话丛书,9.2,23,郑允钦,湖北少年儿童出版社   1993-7   4.15
《There'sadarkdarkwoodinsidemyhead》,9.3,170,b.wing,香港   2009年12月   HKD128.00
故宫里的大怪兽-睡龙床的男孩儿:睡龙床的男孩儿,9.2,36,常怡,知识出版社   2015-9-16   20
你是世上最好的妈妈,8.6,199,粲然,江苏人民出版社   2013-1   25.00元
祖母的故事,8.6,29,（法）乔治・桑   罗玉君,广西师范大学出版社   2002-09   16.80
摆脱恐惧和共生的方法:卡斯特精神分析系列,7.6,52,(瑞士)维蕾娜•卡斯特   朱刘华,国际文化出版公司   2008   22.00元
吹牛大王历险记,8.7,123,（德）毕尔格，（德）屈佩尔   曹乃云，肖声,译林出版社   2009-8   14.80元
孙小圣与猪小能,8.7,32,周锐,未来出版社   1992年12月   4.40元
绒毛树:译文童书,8.4,40,(美国)苏斯博士   任溶溶,上海译文出版社   2002-09-01   18.00
狮心兄弟,9.0,241,林格伦   李之义,中国少年儿童出版社   1999-3   15.90
花木村和盗贼们,8.9,45,(日)新美南吉   周龙梅、彭懿,贵州人民出版社   2008-06-01   10.00
塔木德胎教童话,7.5,18,(韩)金京雅|译者:王云为|绘画:(韩)李智亚  金美娜  连周   王云为,中国城市出版社   2010-10   35.00元
皮皮鲁和有鬼电车:皮皮鲁和有鬼电车,8.2,51,郑渊洁,二十一世纪出版社   2010-1-1   13.80元
会飞的抱抱,8.8,135,(美)珊卓·和宁|译者:黄廼毓|绘画:(俄)法拉力·哥巴契夫,明天   2008-9   31.80元
十一个小红帽:十一个小红帽,7.6,10,林世仁,少年儿童出版社   2013-1   15.00元
世界动物故事100篇,9.7,62,,江苏少年儿童出版社   1992年   18.00元
我是谁?我的爱......:关爱生命绘本系列,8.6,223,[法] 贝阿特丽斯·阿勒玛尼亚   爱伢,中国人民大学出版社   2003年8月1日   19.8
语法像一首温情的歌,8.2,114,[法]艾里克・欧森那,接力出版社   2004-01-01   15.80
迈克行动:中华当代童话新作丛书,9.0,68,祁智,江苏少年儿童出版社   1996   8.00
皮皮鲁和魔筷,8.7,142,郑渊洁,二十一世纪出版社   2006-1   13.80元
罗伯特的三次报复行动,9.1,42,(法)让·克劳德 穆莱瓦   梅思繁,新蕾出版社   2009年1月   15.00元
木民谷的夏天,8.8,122,托芙・扬松   任溶溶,明天出版社   2004-4-1   11.50
动物医院三十九号,8.4,131,李瑾伦 著 绘,世纪文景 上海人民出版社   2010.10   25.00元
云朵面包:海豚绘本花园,8.9,607,（韩）白嬉娜　文／图、（韩）金乡寿　摄影   陈艳敏,上海人民美术出版社   2007-03   29.00元
魔法小仙子,7.8,33,晓玲叮当,二十一世纪   2007-12   12.00元
青鸟,8.3,101,莫里斯·梅特林克   郑克鲁,中央编译出版社   2010-12   19.00元
我绝对绝对不吃番茄:给爸爸妈妈的话,8.4,480,罗伦·乔尔德   冯臻,接力出版社   2006-04-01   9.80元
法国童话选,0,10,[法] 佩罗   倪维中、王晔,人民文学出版社   1988-8   1.10元
河边的婚礼-野蔷薇村的故事:野蔷薇村的故事,9.4,20,[英]吉尔·巴克莲   苏永刚、李保杰,明天出版社   2007年7月   8.50元
安徒生文集（共四卷）,8.8,37,林桦,人民文学出版社   2005-3   150.00元
狐狸村寻宝大冒险:狐狸村传奇,9.4,20,(美)辛西亚·帕特森 文、(美)布莱恩·帕特森 图   艾斯苔尔,少年儿童出版社   2010年1月   15.00元
我不是胆小鬼:不一样的卡梅拉11,9.0,78,[法] 克利斯提昂·约里波瓦 文、[法] 克利斯提昂·艾利施 图   郑迪蔚,二十一世纪出版社   2011-10   8.80元
春天的兔子:春天的兔子,7.7,137,(英)乔伊斯·顿巴|译者:吴小红|绘画:(英)苏珊·沃莉   吴小红,江苏少儿   2008-9   24.80元
俄罗斯的童话意大利童话:高尔基选集,7.8,11,(苏)高尔基   鲁迅、楼适夷,人民文学出版社   1956   0.95
蛇王淘金,8.7,1039,郑渊洁,学苑出版社   2005-2   12.00元
走到镜子里,8.8,29,刘易斯·卡罗尔   赵元任,商务   2002-1   20.00元
一定要幸福,8.6,89,荷香,重庆大学出版社   2009年1月版   24.00元
彼得潘,8.1,64,詹姆斯·巴里   艾柯,北方妇女儿童出版社   2011-7   21.00元
千只鹤,8.8,22,(日)小川未明   周龙梅、彭懿,贵州人民出版社   2008-06-01   10.00元
苦涩巧克力,8.1,64,米亚姆·普莱斯勒   李紫蓉,新蕾出版社   2007-4   15.00元
TheAnnotatedHuntingoftheSnark,0,10,Lewis Carroll,"W.W. Norton & Co.   October 17, 2006   $27.95"
梦幻月圆夜,8.9,30,（美）亚当·雷克斯   张子漠,未来出版社   2015-1   36.00
巫术族的预言-萝铃的魔力-上下册:萝铃的魔力,7.9,326,陈柳环,中国少年儿童出版社   2009-9   25.00元
大侦探小卡莱:三部曲合订本,9.4,127,[瑞典] 阿·林格伦   任溶溶,湖南少年儿童出版社   1984   2.00
青蛙王子副班长,8.4,296,伍美珍,明天   2008-5   16.00元
小蝙蝠精搬家历险记,9.3,52,[德]安杰拉·佐默·博登布格、[德]阿梅莉·格利恩克   裴胜利,少年儿童出版社   1998.8.   6
你也可以成为故事高手:启发父母如何给孩子讲故事,8.0,14,[美] 南希·梅隆   周悬,天津教育出版社   2013-8   35
全译伊索寓言集,8.4,60,伊索   周作人,中国对外翻译出版公司   1999年1月1日   9.8
捣蛋鬼日记,8.5,594,万巴   思闵,中国社会出版社   2003-09   19.80
兰心的秘密:彩乌鸦系列,8.2,107,（德）恩德   陈俊,二十一世纪出版社   2005-9-1   8.80元
夜鹰之星:彩绘典藏版,7.7,19,(日)宫泽贤治   卜伟欣,新蕾出版社   2011-7   19.80元
少女安妮,9.1,453,[加] 露西·莫德·蒙哥玛利   马爱农,浙江文艺出版社   2002-7   15.00元
Moomin:TheCompleteToveJanssonComicStrip-BookTwo,9.5,28,Tove Jansson,Drawn and Quarterly   2007-10   GBP 12.99
小乔治的神奇魔药:罗尔德·达尔作品典藏,8.5,115,(英)罗尔德·达尔 著、(英)昆廷·布莱克 绘   任溶溶、代维,明天出版社   2009年03月   14.00元
亲爱的敌人:《长腿叔叔》续集,7.7,311,[美] 简·韦伯斯特   艾柯、马广会,哈尔滨出版社   2002-7   19.80元
成长的烦恼:成长的烦恼,8.3,17,［奥］库尔特 · 霍尔滕胡伯、［德］康妮 · 沃尔夫   黄悦,生活·读书·新知三联书店   2011-12   28.00元
叶圣陶儿童文学全集（上下）,7.7,13,叶圣陶,2005-4   55.00元
小贝流浪记,9.3,43,,孙幼军 写、田原   画   少年儿童出版社
园丁和主人:安徒生童话全集之十五,9.2,120,(丹麦)安徒生   叶君健,上海译文出版社   1978年6月   0.46元
大盗贼（卷一）,9.0,49,普鲁士勒   陈俊,二十一世纪   2007-1   12.80元
小王子,9.8,23,安东尼·圣爱克苏佩里,第1版 (2006年11月1日)   2006年11月1日   19.80
紫色童话:彩色童话集,9.1,130,【英国】安德鲁·朗格 编   徐朴,少年儿童出版社   1995年12月第1版   21.00元（精装）
月亮冰激凌,8.6,39,白希那   明书,接力出版社   2015-11   38
短鼻子大象小小,8.3,42,九把刀、小內,春天出版社   2007   NTD 260
红胡子巨人彩色森林童话故事宝库（注音本）,9.6,20,〔意〕托尼·沃尔夫、绘画   苏真,安徽少年儿童出版社   2002-10-1   21.8
不莱梅的音乐家:绘本博物馆大师经典系列,8.1,79,(德)雅诺什   王星,浙江少年儿童出版社   2008-09-01   28.00元
小魔怪黏巴达,8.0,118,乔治·桑德斯   黄筱茵,中信出版社   2003-9   22.0
巨人的城堡,8.4,418,杨红樱,接力出版社   2005-8   13.00元
小灵通漫游未来:（典藏版）,9.2,34,叶永烈,少年儿童出版社   2006-1   16.00元
沼泽王的女儿:她的身躯化作了尘埃，她站过的地方有一朵萎谢了的莲花,9.6,24,汉斯·安徒生,叶君健   2010-3   22.80元
魔法学校,8.3,332,葛竞,春风文艺出版社   1999-6   10.00元
小皮斯凯的第一个朋友,8.9,169,[日] 二木真希子　文 图，胡晓丁　译   胡晓丁,二十一世纪出版社   2005-1   24.80元
杜利特医生非洲历险记・杜利特医生航海记,8.8,36,[美]休·洛夫廷著 插图   任溶溶,新蕾出版社   2002-3-1   20.00
幸运的贝儿:安徒生童话全集之十六,9.3,181,(丹麦)安徒生   叶君健,上海译文出版社   1978年6月   0.43元
彼得兔典藏全集（全23册）:彼得兔典藏全集,9.1,22,(英)碧翠克丝·波特 绘著   程雯,新疆青少年出版社   2012-7   198.00元
儿童文学的乐趣:风信子儿童文学理论译丛,9.3,42,(加)佩里·诺德曼、(加)梅维丝·雷默   陈中美,少年儿童出版社   2008年12月   59.00
沙滩上的童话:“国际安徒生奖”提名作家童话精选集,0,10,金波,江苏凤凰科学技术出版社   2016-9-1   68.00元
莎拉和塞斯奇遇记,9.0,19,埃丝特·希克斯   马晓芸,珠海出版社   2004-1   16.80元
六(四)班的追星族,8.4,291,伍美珍,明天   2009-12   16.00元
爱沙尼亚童话,7.6,16,(爱沙尼亚)A.雅各布孙、(爱沙尼亚)F.R.克留茨瓦尔德 收集编写   高晶一,作家出版社   2010-9   28.00元
奥兹玛公主,9.0,21,莱・弗・鲍姆   任溶溶,新蕾出版社   2003-9-1   12.00
爱丽丝漫游奇境记,0,10,[英]刘易斯·卡罗尔   赵元任,天津教育出版社   2007   16.00
小王子:企鹅经典有声珍藏版,9.5,31,圣埃克絮佩里,郑克鲁   上海文艺出版社   2015-8
盛世繁花·童话卷·2,8.6,68,徐德霞,中国少年儿童出版社   2004-7-1   14.50元
"TheTaleofDespereaux:BeingtheStoryofaMouse,aPrincess,SomeSoupandaSpoolofThread",8.4,38,Kate DiCamillo,Candlewick   2006-4-11   USD 7.99
长袜子皮皮冒险故事,9.7,90,阿·林格伦   李之义,少年儿童出版社   1992   2.45元
TheBlueSky,8.6,136,,Andrea Petrlik Huseinovic   Kasmir Promet   2002
暴风雪的明天/翡翠森林狼和羊第3册:暴风雪的明天,8.9,91,木村裕一 作、阿部弘士 绘   彭懿,万卷出版公司   2009-1   28.00元
巫魔师,8.7,242,(德)瓦尔特·莫尔斯   王瑜蔚,南海出版公司   2014-6   39.50元
贝塔无敌软件,8.8,48,郑渊洁,二十一世纪出版社   2007-7   14.80元
德国当代儿童文学经典作品集(第2辑),8.5,24,(德)索妮娅·哈特尔 编、(德)丹尼尔·库罗特 绘画,芦力军   2008-1   66.00元
龙子太郎,8.7,489,松谷美代子   朱自强,接力出版社   2004-10-1   11.00元
小飞侠彼得·潘,7.2,17,詹姆斯·巴里,杨静远   2013-1   22.00元
公主的生日:王尔德短篇小说选,8.5,218,王尔德   范桂芳,复旦大学出版社   2011-1   20.00元
北欧童话,7.3,16,曹乃云,上海文艺出版社   1991   22.30
"死小孩TheGashlycrumbTiniesor,AftertheOuting",8.9,34,高栗，譯／陳佳慧,小知堂   20050301   NT$ 180
小豆芽说，我舅舅是个牛大哈,8.9,21,[英]罗伦•乔尔德   舒杭丽,接力出版社   2009年   12.80元
猫太噼哩噗噜在海里,8.4,191,菅野由贵子   蒲蒲兰,二十一世纪出版社   2005年9月   22.80元
查理和大玻璃升降机:罗尔德·达尔作品典藏,8.4,123,(英)罗尔德·达尔 著、(英)昆廷·布莱克 绘   任溶溶,明天出版社   2009年03月   15.00元
郑渊洁短篇童话选,9.1,73,郑渊洁,学苑   2003-7-1   39.00
小意达的花,9.0,28,黄冠余、窦明亚绘画,人民美术出版社   1988年3月   0.73
CinderellaSkeleton,9.6,53,Robert D. San Souci,Silver Whistle   2000-10-01   USD 16.00
小屁孩日记:鬼屋创意,8.3,525,杰夫·金尼   朱力安,新世纪出版社   2012-6   16.80元
圣诞大惊喜（外1册）:狐狸村绑架案,9.1,19,辛西亚·帕特森,少年儿童   2005-8   18.00元
月光下的肚肚狼:月光下的肚肚狼,0,10,冰波,新蕾   2008-3   13.00元
童话,7.6,54,曾尹郁,上海人民出版社   2006-1   18.00元
注文の多い料理店,8.6,44,,宮沢賢治   岩崎書店   2004
格林童话（英文版）,8.0,28,[德] 雅科布·格林（G.Grimm）、[德] 威廉·格林（W.Grimm）,中央编译出版社   2008-8   45.00元
球球老老鼠-笑猫日记:笑猫日记12,8.7,336,杨红樱,明天出版社   2010-5   15.00元
糊涂大头鬼,7.9,23,管家琪,浙江少年儿童出版社   2007-3   12.80元
魔方大厦1,9.2,44,刘泽岱 画,天津人民美术出版社   1984年9月   0.15
骑士降龙记+四个童话,8.5,27,[英]肯尼斯・格雷厄姆、[英]伊迪丝・内斯比特   任溶溶,上海译文出版社   2003年1月第1版   9.8
格林童话,9.3,273,格林兄弟,江苏少年儿童出版社   2000-1   22.00元
小巴掌童话,7.9,22,张秋生,湖北少儿   2006-9   16.80元
傻瓜城的故事及其他,8.5,36,艾・巴・辛格   任溶溶,上海译文出版社   2001-6-1   15.60
纳尼亚传奇：魔法师的外甥,8.3,737,[英]C.S.刘易斯   米友梅,译林出版社   2005-11   13.00元
跷跷板,9.4,34,(芬兰)蒂莫·帕尔韦拉 文、(芬兰)维尔皮·塔尔维蒂耶 图   任溶溶,贵州人民出版社   2008年12月   26.80元
灰姑娘,9.3,59,陈红军 编辑,人民邮电   2000-2   16.60元
我有时是猪,8.8,93,[日] 矢玉四郎   彭懿,二十一世纪出版社   2002-9   12.80元
小狒狒历险记,9.1,31,孙幼忱著、詹同绘图,少年儿童出版社   1978年8月   0.17
潘宫的秘密1:被诅咒的黑暗古宅,7.1,98,司徒平安,湖北少儿   2013-5   15.00元
流血的童话,6.7,149,王雨辰,湖南文艺出版社   2011-1   26.00元
皮皮鲁和鲁西西奇遇记（一）,9.4,51,温泉源等,人民美术出版社   1986年4月   0.44
世界经典童话绘本,7.8,12,(英)贝妮黛•华兹、(斯洛伐克)玛雅•杜斯科娃、(芬兰)皮尔科•瓦伊尼奥、(德)比耐特•施罗德   王星、康萍萍、淼淼、张贝之,河北教育出版社   2010-12   88.00元
大鲸牧场:科学文艺丛书,9.3,25,迟叔昌,中国少年儿童出版社   1979   0.21
大象的算术:大象的算术,8.7,71,(德)赫姆·海恩 著   杨默 蒲蒲兰,连环画   2010-4   22.80元
致未来的你——给女孩的十五封信,7.5,43,殷健灵,青岛出版社   2013-7   26
倒长的树（上下）,9.0,26,陈树彬,广东人民出版社   1983年2月   0.29
我想有个家:我想有个家,8.6,48,(英)罗伦·乔尔德   萧晶、萧萍,湖北少年儿童出版社   2010年7月   15.00元
皮皮鲁和车鼠李小二,8.9,100,郑渊洁,二十一世纪出版社   2007-3   13.80元
王尔德童话,9.1,68,[英] 奥斯卡·王尔德   谢毓洁,中国少年儿童出版社   2010-5   25.00元
Aesop'sFables,8.4,38,Aesop   NTC,Contemporary Publishing Company   1994-10-25   USD 3.99
格林童话全集(上),9.2,438,格林兄弟   叶文、裴胜利、王克澄、侯浚吉、钱鸿嘉 等,上海译文出版社   1991   RMB￥5.45
狐狸列那的故事,8.7,19,(法)阿希-季浩(M.H.-Giraud)改写   严大椿、胡毓寅,少年儿童出版社   1979年3月   0.40
绿山墙的安妮,9.2,334,蒙哥马利 (Montgomery.L.M.),译林出版社   2009-1-1   19.50元
没有秘密长不大:没有秘密长不大,8.4,252,伍美珍   75湖南、68u影,明天出版社   2010年6月   16.00元
HowtoCatchaStar智慧小孩系列:摘星的日子,0,10,,HarperCollins UK   2012-1   66.80元
盲孩与弃狗:中国动物小说大王:沈石溪文集,8.8,79,沈石溪,江苏少年儿童出版社   1997   9.50元
月亮忘記了,8.5,34860,幾米,格林   2000-2-1   NT$ 299
格列宝历险记,8.5,41,（美）斯库兰德   彭定鼎,上海人民出版社   2005-01   17.00
口水龙/管家琪幽默童话系列,8.0,37,管家琪,浙江少年儿童出版社   2001-05   12.80元
我怀疑人们在密谋让我幸福,7.1,104,张佳玮,中信出版社   2015-7   36.00元
谢德林童话集:外国文学名著丛书,7.6,31,萨尔蒂科夫-谢德林   张孟恢,上海译文出版社   1983-09-01   1.15元
山羊兹拉特,8.8,31,(美)艾萨克·巴·辛格   刘兴安、张镜,北京出版社   1983   0.48元
黑猫警长,8.9,1661,戴铁郎,上海人民美术出版社   1986.2   0.60
嘭嘭嘭,9.2,225,童喜喜,春风文艺出版社   2003-7   15.00元
小怪物/大幻想文学精品译丛:大幻想文学,8.9,33,(德)保罗.马尔王燕生   王燕生,第1版 (2004年1月1日)   2004-8   29.8
奥拉夫与圣诞老人:奥拉夫与圣诞老人,9.4,75,(德)福尔格·克里戈尔   陈俊,南海出版公司   20070101   25.00元
杀人蚁,8.2,609,郑渊洁,学苑出版社   2005-5   15.00元
让人失去记忆的木马布娃娃有双活眼睛,7.3,23,[法] 居雨勒   王倩,少年儿童出版社   2004年01月   12.8
舒克和贝塔历险记（注音版）,8.5,19,郑渊洁,２１世纪出版社   2008-09   13.80元
五·三班的坏小子,8.2,1318,杨红樱,作家出版社   2001-8   18.00元
三百六十五夜童话故事,9.7,44,,9.80
红鞋子:中国当代获奖儿童文学作家书系,7.5,19,汤素兰,天天出版社   2010-4   18.00元
脑袋里的小矮人:脑袋里的小矮人,8.4,29,克里斯蒂娜·涅斯特林格   夏阳,人民文学出版社   2003-1   10.00元
毛头小鹰,8.6,87,(美)罗勃·卡鲁斯 文、(美)荷西·阿鲁哥、(美)亚莉安·杜威 图   柯倩华,明天出版社   2011-2   31.80元
圣诞老人的王国,8.9,73,(日)松本智年、一色恭子 原著、嘉纳纯子 改编、黑井健 图   猿渡静子,南海出版公司   2010年11月   25.00元
海蒂,8.9,230,[瑞士] 约翰娜·施皮里   司马仝、王霹,人民文学出版社   1999-5   10.50元
TheWonderfulWizardofOz(PenguinPopularClassics),7.7,10,L. Frank Baum,Penguin Classics   2007-7-26   GBP 2.00
想吃熊猫去兔子的饭店,8.2,25,潆潆,中国福利会出版社   2005-12   12.00元
猫武士:首部曲1：呼唤野性,8.9,367,（英）艾琳·亨特   赵振中,中国少年儿童出版社   2009-3-1   20.00元
漂亮老师和坏小子,8.4,988,杨红樱,作家出版社   2003-04   20.00
神医多立德的故事:世界名著金库,9.5,20,休·约·罗夫丁   陈伯吹,少年儿童出版社   1998-12-01   9.20
Grimm'sHouseholdTales,0,10,,Brothers Grimm   Marian Edwards、Edgar Taylor、R. Anning Bell   1912
神秘黑森林:猎犬黑呼系列童话之一,7.9,12,邓湘子,湖南少年儿童出版社   1997   5.5
我的同桌是女妖2,8.0,113,车培晶,春风文艺出版社   2003-8-1   14.00元
杨红樱童话,7.3,17,"杨红樱,森兰丸,等",上海人民美术出版社   2008-7   29.80元
噼啪--打出一个国王,9.4,17,(法)爱德华.拉布莱依,晨光出版社   1994-05   3.60
魔法师的帽子,8.6,31,(芬)托芙·扬松   任溶溶,明天出版社   2010年4月   14.00元
五个孩子和一个怪物:小布老虎译丛,8.2,135,内斯比特   任溶溶,春风文艺出版社   1999-9   13.00元
